izq, der
0.2409549746868374 , 0.30625997211600353
0.24093059085022528 , 0.2897129602619878
0.2147690767435355 , 0.2729473737323169
0.32328288928867194 , 0.30722483371673637
0.28366628817292056 , 0.2935390820235127
0.32567838800351795 , 0.9143582109244958
0.2554619843384178 , 0.3102242960901217
0.3066161022118147 , 0.2756410635188787
0.3031978844917535 , 0.2705794365423157
0.22916065581460063 , 0.2729134883150865
0.28462549993529257 , 0.30418710759514384
0.2620481196099618 , 0.2539922756529695
0.23021896211787288 , 0.8848115839598278
0.2536290390963537 , 0.27992645690961354
0.24780442399009572 , 0.23615038439246927
0.2862663958617801 , 0.3153608754506855
0.3362488535294059 , 0.29453226227900553
0.23985370317725638 , 0.26921263177268956
0.26977589520017436 , 0.24493749708455273
0.35835856763840784 , 0.25278156132890717
0.2730444472222006 , 0.8197658658892235
0.17257332111203358 , 0.29273215667611346
0.18816956726334375 , 0.29892297191342015
0.318454891202559 , 0.19876950638709956
0.2753190936291668 , 0.3362042159182946
0.3269944446270616 , 0.2628937406333371
0.21659453065967138 , 0.28160050473429415
0.2806655392916447 , 0.2533233357423683
0.3192111841535949 , 0.27292460676695146
0.276127537000161 , 0.2675771028184458
0.2595482181426878 , 0.7572505240488105
0.2522965813806142 , 0.3345088506442986
0.30823459156686367 , 0.29675727066609575
0.21442594233208934 , 0.3049521323991007
0.2569350251752519 , 0.2495461674303574
0.32386753187783107 , 0.8916161002080375
0.23551061885980143 , 0.2369920983722431
0.35066303752346584 , 0.2902158202668908
0.27057009292902334 , 0.31506093116669875
0.28694493843620605 , 0.839792507315966
0.2869750424257412 , 0.3011143028110232
0.3032402073590022 , 0.26265236652777124
0.3439113538775402 , 0.2599631551386559
0.2688397040040149 , 0.2700430346428767
0.28704466248348876 , 0.8671015736438739
0.2039854789917847 , 0.2518825475015077
0.28248829139915577 , 0.27460629467673736
0.2758767961955474 , 0.34356808085871055
0.2706271830454566 , 0.8917057399524306
0.22369288911365415 , 0.2159664659097633
0.2840143042965793 , 0.33182476745992473
0.2808267754226751 , 0.29056004124397167
0.3046732556081043 , 0.8544834325163033
0.2647735454554773 , 0.3205370002500092
0.2572429284137988 , 0.31696894135695297
0.314508959041678 , 0.9066952920241362
0.28065052900884313 , 0.28239432513707874
0.29910477204974945 , 0.2219962439142456
0.26724600167284324 , 0.8908590196627452
0.32137483743724155 , 0.25766266339185645
0.328550414573079 , 0.3456417727037979
0.27596205162030013 , 0.2326225037430958
0.23447596124902126 , 0.8335979082289925
0.2819221365856441 , 0.2386670081089609
0.2128214000885233 , 0.26510022981061004
0.29955703312201337 , 0.2786610756000554
0.2638650566770861 , 0.9091504938112126
0.3162522348935918 , 0.2789240927421246
0.2223252210527688 , 0.2749353700979952
0.2424017020560615 , 0.2295809047608387
0.27695719006248154 , 0.9064634140258987
0.28487952870189664 , 0.2752795286168742
0.28194025745096846 , 0.2943258240724897
0.2846373565386021 , 0.2952841528805246
0.203206508518476 , 0.8808222779101832
0.26567885002454233 , 0.25014677947137387
0.23914148087723971 , 0.27092048469222174
0.26153048821909863 , 0.29861140103207495
0.26140515298788974 , 0.3062752061730136
0.2732077780740274 , 0.31119068019275065
0.2852536736425744 , 0.9347842077387396
0.23116647397638287 , 0.22416166341036442
0.30589123669459717 , 0.1785217974919469
0.24695758706114962 , 0.25500574217470134
0.28026715193117824 , 0.2386360945917176
0.28541593070205684 , 0.8903541182067579
0.27223880140277573 , 0.2696892902229015
0.2629015939698976 , 0.2939291342739532
0.23832481142609468 , 0.3148557609110643
0.22649558482450438 , 0.2828272809149632
0.26303747956559004 , 0.30752483873595915
0.27320449641397276 , 0.9243910792034449
0.31058391181240846 , 0.2871249724144847
0.3306427561857204 , 0.29424767916946964
0.28099622563382576 , 0.24039793359412528
0.23402400353252628 , 0.19762512184676773
0.21215728131352904 , 0.9253658509309486
0.26955442038294525 , 0.3413522033013696
0.2674848613469394 , 0.2484171328552512
0.3242068997218404 , 0.27474901358716847
0.21709931552085063 , 0.2728880575594072
0.30797625185820254 , 0.2526249917039516
0.2526818209632262 , 0.9065972321116358
0.2782449505347107 , 0.3180489668085948
0.31737540751316484 , 0.27439609211206656
0.29655273433874635 , 0.875276142551523
0.2557592954863179 , 0.29431516400900193
0.24813480552269926 , 0.24468397544386986
0.26449940363727104 , 0.9060581908059557
0.24400964719016616 , 0.27924919416403887
0.2701973891229453 , 0.24261223417280195
0.28994951789864043 , 0.21091511149140446
0.28741760273853284 , 0.8395115441161268
0.2506641204440632 , 0.2519517902309429
0.27030677806621317 , 0.2994859038698172
0.33190891641548653 , 0.3884354097797648
0.2788372534690671 , 0.900620439716778
0.2862379756932835 , 0.34239926594935693
0.2671151342892385 , 0.3606389811889886
0.3295335857718908 , 0.3261997612313298
0.30732930051385565 , 0.8971640115574105
0.2870403365388731 , 0.3016769328046076
0.25131903006296685 , 0.26234638823472245
0.28141561447312585 , 0.28198562768918867
0.2881890091726647 , 0.24241294539140731
0.2531367718860617 , 0.3046336292769004
0.2910855747345207 , 0.204726622270677
0.2577544616421699 , 0.3240593502690235
0.21157013082164355 , 0.8614319684181915
0.29488836891028125 , 0.28244765782014397
0.3121737004228043 , 0.3123802447096533
0.3198731140409809 , 0.2288312951430549
0.28370369801677525 , 0.2529520685155995
0.26976203077781485 , 0.2601448305360751
0.2668276227144191 , 0.25494965550878956
0.2799573712030426 , 0.3163517507588898
0.2716102643149505 , 0.30229097067147137
0.2903238681177276 , 0.29806140675062726
0.3289326392700904 , 0.24152412236648144
0.3090778015362061 , 0.8834074416826303
0.2424451998352552 , 0.28112936948025496
0.25962022657501443 , 0.31473098378705394
0.25458013329611723 , 0.1738917460867214
0.3245638326160292 , 0.3365888942081565
0.294843985661123 , 0.2850712116997476
0.19912553930303006 , 0.3115144305500619
0.282682321717609 , 0.22068254378397584
0.326732362038303 , 0.2318049774062683
0.251969526037581 , 0.2467793706988013
0.3424498862140742 , 0.2702600640780059
0.3242049011022309 , 0.2303377161507654
0.30394238329150725 , 0.2899184783817476
0.30077635182738305 , 0.24509437316902022
0.22201660302877496 , 0.2561145713688669
0.283425412393636 , 0.36650212331107646
0.2927518832604036 , 0.2824111865945065
0.2761910492154953 , 0.2971004927938079
0.2502068933872784 , 0.22866690437835518
0.3011475702450606 , 0.23201727235829334
0.3653733603217238 , 0.2829907550794791
0.20667643443104267 , 0.2742210811013454
0.19544014327072723 , 0.2982294574221914
0.22168561506678772 , 0.37131991525568603
0.3062792475968019 , 0.21197619519524233
0.2509997512907017 , 0.25919857291798387
0.3032032127103613 , 0.3355958664890795
0.2659397876657395 , 0.2479103499527283
0.306737981935645 , 0.26957555075482004
0.30993780959816036 , 0.2941081061232299
0.30611439530366047 , 0.2785072591918897
0.2778538070919218 , 0.30400577721326694
0.27540643131425685 , 0.8934880460281545
0.25551154638055235 , 0.2715895750642676
0.2724454666119774 , 0.2847742409690162
0.22231076901826116 , 0.30610046453454964
0.30963778247912965 , 0.31551547569536964
0.2891000118706466 , 0.2924921513728244
0.186703169137217 , 0.8347175695295168
0.2573684376139067 , 0.15854926149252638
0.30899697669641674 , 0.27522376631061685
0.292122548291476 , 0.2725691105976271
0.2832384689973957 , 0.27734824741410274
0.2765983229488785 , 0.8709364674637485
0.32506132294721496 , 0.272405816287235
0.2547604928907481 , 0.2862824753484723
0.2766920850422406 , 0.22379305050164328
0.29806811039595255 , 0.2703276316860383
0.23951769782126764 , 0.25009768154008283
0.22657814032236706 , 0.8820383584747594
0.30104830228041723 , 0.305373217109794
0.27661714387343367 , 0.24156865909717976
0.3154171849904756 , 0.2741097680840673
0.26396455124155466 , 0.200226715561624
0.2500463466849083 , 0.31699383251725477
0.29980194436967694 , 0.8949835479356375
0.3378026284141232 , 0.30973544740627096
0.28116268255616356 , 0.29478883788447485
0.3710536130025953 , 0.2569922647372441
0.2515846455133942 , 0.8428387940762261
0.2852583764093201 , 0.2645953903640511
0.32132026762638394 , 0.3115813381403396
0.2516286541725623 , 0.2886478492468576
0.332062793183087 , 0.2964695090398286
0.3408494289347581 , 0.8509691116875747
0.2126976077589313 , 0.307634925807374
0.27547608554003616 , 0.3127547975969104
0.29459646500376774 , 0.3242041255850675
0.31886276511408024 , 0.2328646883529375
0.30893840165254416 , 0.298429872775293
0.21861883550349534 , 0.16044712422626844
0.27497548179255804 , 0.9157151617398425
0.36347100434357854 , 0.27642314909928256
0.2974649880414965 , 0.2846841430163837
0.2841721035185243 , 0.23805121545109192
0.26299963889132816 , 0.28664163260770614
0.2472515327900093 , 0.3229269237076706
0.20965558306490698 , 0.22588647134417664
0.2460273074645718 , 0.26490747996855263
0.3018845341762659 , 0.23443401094032865
0.28414159933419353 , 0.27514635511205277
0.33298983453526665 , 0.23903568338454428
0.3055755223074015 , 0.30767961770092805
0.3130174766049597 , 0.27598096545426726
0.3208344204464256 , 0.23083463338240098
0.29331773381014076 , 0.31492351148562664
0.2422646596074166 , 0.41607216356572346
0.26741611289727335 , 0.2680578563863429
0.2822801934499407 , 0.2594551476718924
0.20308213888804955 , 0.2559430907464486
0.2739178601048304 , 0.3025002321142854
0.27257040029200735 , 0.267450856741037
0.2612112891760738 , 0.27080114925711135
0.3647434672081427 , 0.3169085729710835
0.2245095791259461 , 0.2964312905520355
0.32380977502434033 , 0.3326275217658967
0.31283190300600366 , 0.3277470646084018
0.202899326868059 , 0.25278554703492456
0.28764297126959326 , 0.25906563568337676
0.24963051186665888 , 0.263969702771096
0.26427152517913083 , 0.3210934247348383
0.220171728946127 , 0.27296833325078196
0.27198502997532786 , 0.2534246114026915
0.28929164385284795 , 0.28304136283010867
0.2686404888334069 , 0.3561287726998374
0.315003934845777 , 0.2144605488407591
0.27214821468504874 , 0.3386855536615291
0.31617917872749757 , 0.33106968057185326
0.34113771027324175 , 0.33069886829103307
0.2083770557345872 , 0.2196178658022661
0.3412914677564515 , 0.2520125099558702
0.2542629243726145 , 0.2253038377445271
0.25468840287530964 , 0.30372752868412023
0.2788431545040637 , 0.2576604354054067
0.2786248196947859 , 0.26933274181483674
0.2742426093026914 , 0.25763122038881225
0.2082509795967321 , 0.20916145063136773
0.27162054008894376 , 0.29644354520092037
0.30837814696704086 , 0.33089209860977303
0.2949842838343184 , 0.28777005400933964
0.300069709929996 , 0.3064422801505104
0.2837344098346429 , 0.32574279176623305
0.2649593473004914 , 0.21791810476408946
0.30481406212733175 , 0.29825567615759857
0.31678200260012146 , 0.28739369914825463
0.3122471947758632 , 0.29583157014674455
0.32434974844771963 , 0.27154951060722776
0.2873966297518639 , 0.23850040041837894
0.26974851712810466 , 0.3669591797397595
0.2650291344818636 , 0.2637058566431693
0.30626932268183427 , 0.3008755417503215
0.25160673504822145 , 0.24535654492486605
0.28625757579599775 , 0.27264648316266893
0.27184101117792764 , 0.3115208590678659
0.32774083404232035 , 0.29077140986267047
0.25487035616136816 , 0.28499491225118484
0.31356834072781 , 0.3071118724819776
0.2357662184651503 , 0.28540501308758714
0.2259220901776173 , 0.30256464638437564
0.2138738229389907 , 0.261853769819887
0.23830497780388488 , 0.35720371770171305
0.20391277994452423 , 0.28843257435679587
0.2580657079020641 , 0.26506306418895603
0.2932968382271202 , 0.3140585291183351
0.2691184170619979 , 0.29725685717661876
0.2893194191692707 , 0.2673944362779424
0.33481541160855577 , 0.27987166065901575
0.2608208987956129 , 0.31382962842303774
0.17966155172090442 , 0.32316244259665616
0.29322552707831556 , 0.34256449733791994
0.322812586457618 , 0.275923826241694
0.23042487289741626 , 0.29053092458534235
0.219649995135177 , 0.22760043765544458
0.29146187341896357 , 0.1846591071301601
0.2626093183953424 , 0.24852838204706676
0.3400856335253172 , 0.27644531165959474
0.24910468049510973 , 0.32083262275414515
0.2562213200557279 , 0.2631502843790158
0.23449405223331596 , 0.2785314510412909
0.3201380078332655 , 0.28694257523922145
0.33500330407409207 , 0.29015134364541384
0.2514033974273207 , 0.31726593865937336
0.24801932533773335 , 0.2875961376553794
0.28647039073026664 , 0.30581663739931686
0.213021589158969 , 0.2503400452897345
0.29656415460329005 , 0.24742918646343695
0.23263161443529276 , 0.2715178283448266
0.2889573379667553 , 0.28029212131317505
0.272441444128822 , 0.25672710799378884
0.2830290290710672 , 0.24479415433517893
0.29837745549417377 , 0.27646561209532977
0.2615675961843733 , 0.2441231264600213
0.28144272294296196 , 0.2658506084129009
0.25858308262720153 , 0.2761631361836983
0.24728796044514217 , 0.2506793072075687
0.26503338570020374 , 0.31665955330973955
0.2685580544077653 , 0.31526772120715923
0.31321778806717065 , 0.32490509187668465
0.27360033087797475 , 0.29774101915913137
0.27588020914317063 , 0.3298087410299365
0.22706397346378424 , 0.25985112209672817
0.24520950535355074 , 0.21012520815222147
0.28043811197886126 , 0.25207318977119053
0.2429304834004069 , 0.23529455194318655
0.29562708230277035 , 0.3187657596998243
0.19824961449334727 , 0.2557314019365276
0.29251356860410765 , 0.26062105383483464
0.2691562828283766 , 0.2774634114126008
0.2648955439243431 , 0.29760945463096483
0.26171169808035527 , 0.2814678007285842
0.32545376585882907 , 0.2694801676458944
0.2941520294239204 , 0.3078457733932451
0.2927547471344282 , 0.3273887369283373
0.2992496431247365 , 0.28361126811756493
0.2118476772576836 , 0.3124562814152043
0.21912926940126212 , 0.35514680137850674
0.2653396697425644 , 0.3100652925869505
0.28477444909601646 , 0.2414146465102951
0.24163295845675856 , 0.20231897816331373
0.28150551349188824 , 0.2776960817552071
0.26812699584291994 , 0.30413397769964645
0.23077869383172436 , 0.24021245501296534
0.24755694653891247 , 0.2905893822855746
0.3327996171893871 , 0.2983753623758341
0.23513028774025638 , 0.31731902007899365
0.2353865867456198 , 0.22929744106288352
0.26819038057977423 , 0.25137040757151485
0.2646747579878591 , 0.30874437744761424
0.26805199133738833 , 0.2729699137191403
0.3120796538616071 , 0.2713149980208615
0.2926494016347613 , 0.31417959301225923
0.2890210905414132 , 0.2772306365354741
0.30786594449711147 , 0.30520745501380636
0.2596308888089431 , 0.2623193972777743
0.27723589281326805 , 0.27322380062588747
0.2807052621390329 , 0.22590210199307253
0.30639535003598267 , 0.29549711950029217
0.21445166501353716 , 0.3361138643433853
0.24979412875796725 , 0.28481196601367104
0.27359613338001376 , 0.3287331887241169
0.19578721525049075 , 0.30952951698186587
0.2855350201923146 , 0.29091983762259516
0.3222618427984708 , 0.2692811945433023
0.21129665782316978 , 0.2770745877451816
0.26520669990059187 , 0.36650611285266316
0.302506580445341 , 0.25687492302527254
0.2218094856239358 , 0.3063959967224127
0.3059488901359591 , 0.2520370545782275
0.27979455637233025 , 0.2903294561327342
0.25120588006753847 , 0.9525928919678235
0.39458304260218724 , 0.285598637129789
0.2855904608247686 , 0.9167454659909046
0.21758864869580147 , 0.28744593410371067
0.23828453984934814 , 0.26145012541833473
0.30050530808118014 , 0.8458534996111008
0.32739003054161464 , 0.28703595898789575
0.18115479345618682 , 0.25302860636383445
0.28873007580361 , 0.22124104524480578
0.25566055128275844 , 0.342170126485456
0.2603188772783337 , 0.8210816942375122
0.30943150397706354 , 0.273779335146712
0.2963864479058116 , 0.2639526626261186
0.30912788251540263 , 0.28251078198590335
0.23315199838223796 , 0.35384948610657413
0.23310359882149934 , 0.2867995798977936
0.2773313393236832 , 0.8533187092114201
0.2276865088503858 , 0.27376972234450886
0.30988859637306343 , 0.3509180513437496
0.3234102986674122 , 0.2566632641554517
0.29195501555388836 , 0.22445957216207468
0.28683085032221695 , 0.23273049188346748
0.2493778263963316 , 0.2489598366169944
0.25316493577405164 , 0.25803050901958774
0.3167805863807865 , 0.8949413994254583
0.28086056944946064 , 0.27683666249794747
0.24472014877434092 , 0.31268997790237835
0.301881593959328 , 0.30093708103996714
0.2723304049662484 , 0.24724734051462674
0.32698891625941734 , 0.27496357453412795
0.2848383756744952 , 0.30004555484083867
0.33513022997679887 , 0.2831572946809212
0.28844232373200396 , 0.24083267297578906
0.323852424155654 , 0.8060103677381836
0.31071922899598836 , 0.2408320346291584
0.2744334030637841 , 0.25420866597146113
0.34879732191069635 , 0.33564613991901426
0.32366532379725677 , 0.3290895913873947
0.312052834561826 , 0.23366187596262764
0.2716597391074976 , 0.24908317601535765
0.33008728585592156 , 0.257957347028721
0.27737182945491157 , 0.2996516591575564
0.2817691796996868 , 0.35921411377671475
0.23184352862180616 , 0.21342252181950205
0.23642030528623456 , 0.26781376644344734
0.2834127014901874 , 0.2580775680970666
0.332192185405715 , 0.24178623645340994
0.2276539199278829 , 0.3250034667913694
0.2670585560946559 , 0.9363955764905166
0.3076123357234779 , 0.2583242244431586
0.24982079862909473 , 0.3029158366132725
0.1979812280292695 , 0.21267184350710167
0.33421997342413373 , 0.28963190570202674
0.2988251217920621 , 0.30092377523651626
0.25787825104127393 , 0.2650810833853631
0.20574469477593157 , 0.2951557202539704
0.2393861082532033 , 0.2762888373920774
0.32095483358830434 , 0.24807683481117002
0.25008696288217136 , 0.2481973603481407
0.2795748424523165 , 0.2905786147437263
0.3202845297029132 , 0.3159997302142768
0.2771626318465465 , 0.2584870095621973
0.27234041026731576 , 0.25791758756250516
0.2768490405528106 , 0.2701470783524134
0.2612826274579531 , 0.23810789114193634
0.27995727574577206 , 0.30474259621773225
0.26779460105142117 , 0.2817634564723973
0.2397996293181718 , 0.23839282656953098
0.19068719743106874 , 0.2782362816644655
0.29357122730729474 , 0.34705775397022237
0.31322369051937005 , 0.23501690981848272
0.2131967421843157 , 0.29189311854646144
0.2447687005892583 , 0.9151830013819165
0.23962332773479314 , 0.26704200182889526
0.29188449177337616 , 0.23468532805886272
0.2520770745739942 , 0.2473547839225809
0.34982593108116317 , 0.26110564744739306
0.26998970418707613 , 0.27946983971140676
0.284198320172885 , 0.20887098154660652
0.2607823273533017 , 0.23456564386773937
0.2859264763742314 , 0.30977927330990845
0.24384948409993035 , 0.30361587336345236
0.24940596741241322 , 0.28349094111244205
0.24153695361687835 , 0.22293924609043048
0.27682650637464656 , 0.26030266762042065
0.27245247512881604 , 0.2723904864140908
0.34377446569700176 , 0.2555739850996537
0.21884137062677586 , 0.2696931652853636
0.28870895012738684 , 0.29259980769756927
0.277362184511409 , 0.2738899011973108
0.2982927337819654 , 0.2668751874138744
0.24555144721121228 , 0.25107832109638606
0.2356858775470222 , 0.2510591494968678
0.2935325179941024 , 0.2843989074704072
0.26356731397713556 , 0.3159439654391508
0.2535812823119855 , 0.25534782703025194
0.27543654967721115 , 0.266841758414044
0.2911021361930402 , 0.2965455619802089
0.21038883329491379 , 0.2545678075362286
0.3134244454279639 , 0.3377982405123783
0.2743232597108706 , 0.34032713245354124
0.255748442251375 , 0.27339983217849484
0.29903676980984084 , 0.2436841831476331
0.2509159989610293 , 0.2627251081916677
0.29498583691120167 , 0.29652424557583007
0.3000553379082061 , 0.25394132380010587
0.24971711018590087 , 0.251642404795623
0.33960263639740196 , 0.3133975730978106
0.3070060622677405 , 0.32503949666854176
0.2768862598109613 , 0.2848631013053803
0.22626143440849483 , 0.30502838091578677
0.336720463898021 , 0.2857210854488297
0.254793599614078 , 0.29331407163938117
0.25291383046501614 , 0.3110201961678931
0.3295830256017761 , 0.2330342992146928
0.24569646560278813 , 0.27600270830782253
0.22375499971460988 , 0.2845974542982899
0.27682698872374467 , 0.3068633458586561
0.26771227091948857 , 0.2799399721229062
0.3072849657237636 , 0.2832611492855421
0.2915737217130757 , 0.25669168636271655
0.30386786019878614 , 0.7929997980771748
0.2197737221115053 , 0.29446426543202414
0.28180360299015256 , 0.26954877355951173
0.2292402566576764 , 0.2849158052304234
0.26718075087383153 , 0.24721086738668105
0.24694608824366823 , 0.273185902723664
0.2986275149360293 , 0.22978052836562657
0.292414017020139 , 0.26030047728999806
0.3047933563915782 , 0.24041621778818864
0.35869006349164 , 0.28700259073488676
0.333725165231739 , 0.3110914363848148
0.23860296678271667 , 0.34813779598088945
0.21539899284192074 , 0.26416388209888003
0.27963499440066536 , 0.22211951002971403
0.18271823529353085 , 0.20447477034979133
0.2779238250454626 , 0.8334743402316116
0.26545417460699 , 0.22639308761765742
0.3025812640786653 , 0.29341267403412064
0.2548048186638054 , 0.30905470588778045
0.297719725059226 , 0.30043485778575973
0.33627809454341623 , 0.26517972616825536
0.2267897837564225 , 0.3084363977072435
0.2836295838626638 , 0.2374520124277746
0.3085096925807564 , 0.2823751376819326
0.2832139830964388 , 0.28344600128590697
0.23594791883557895 , 0.2831446524631657
0.2412192668287969 , 0.23358548656551328
0.2463555491827421 , 0.35677203297520255
0.2981178036642643 , 0.29031551891415863
0.245912683243715 , 0.2526997351034522
0.27933253749770476 , 0.2773698383732805
0.3061933962249282 , 0.3180562576752981
0.24431069267778832 , 0.2626416783822166
0.27105296248996685 , 0.9359071761597701
0.26632328554208085 , 0.2501023600392363
0.24640389071704116 , 0.2944364078659983
0.2727383330233403 , 0.28588241397462594
0.33233083393703555 , 0.2963819539708965
0.3242927687997087 , 0.2788291429261225
0.2913747854948785 , 0.27992266026812124
0.3041078847856249 , 0.2702818535216259
0.29690366635544224 , 0.2826311435734413
0.29483495020723616 , 0.2565139488617987
0.21053549239463543 , 0.2789893228300156
0.3370207922073996 , 0.27009296245854414
0.2445101920393488 , 0.15985617982346367
0.3145272954822629 , 0.2408960790482462
0.27732697633285913 , 0.2869334439016126
0.24021244323250496 , 0.21423378082608124
0.25623350784399007 , 0.2250353924903212
0.20414495370274793 , 0.3031580093294458
0.3227006378053 , 0.3196718219798042
0.26534718829782894 , 0.31866700577509094
0.24349391035888784 , 0.8319835818919422
0.24060021562635991 , 0.25937349131708376
0.2730342892172927 , 0.27731143488251264
0.2968375703874736 , 0.2430280776539043
0.3095117097985157 , 0.3164219816915004
0.27667234962023585 , 0.2468324588746762
0.2838897138041584 , 0.26751844474406433
0.23508188734615004 , 0.2351390327126276
0.2397344807173787 , 0.2203752759821098
0.26761034860063576 , 0.19196697578572292
0.2561192227398791 , 0.25013154535801746
0.25099129693982397 , 0.8688756381216698
0.25797688030365734 , 0.32863134124964316
0.2621646232465332 , 0.35631478647094517
0.29165823343969594 , 0.23403598985391655
0.29762100779196693 , 0.2935182444527681
0.30295199744487183 , 0.2667085255482448
0.22833865016832722 , 0.2921062100258865
0.3009978497991542 , 0.33187811356374014
0.25751454700055104 , 0.8942910722721278
0.30075100132754495 , 0.28779135412144347
0.28899576086511497 , 0.2966967028164207
0.3373712975736733 , 0.2809096720302724
0.21051185623734828 , 0.2639317152627743
0.27280877907261686 , 0.25834981054952677
0.3063863739881039 , 0.2825619748739023
0.3546584529686205 , 0.8500875455756064
0.30180635762195923 , 0.27433534473249904
0.2789827287753542 , 0.21413583456409713
0.2830996570845739 , 0.25768417509485697
0.2213120685210432 , 0.2645008875788412
0.2597868910252193 , 0.3360809744310314
0.30154267394378403 , 0.2635034299823439
0.3061029894726567 , 0.8496743444305517
0.2701779866604752 , 0.27892994681791283
0.27251852994500014 , 0.2521865495592002
0.24346325161334834 , 0.3172456169132114
0.28646677402098814 , 0.9070892732905279
0.26354920052883135 , 0.278863910184737
0.29459340306628007 , 0.26774796365881953
0.2904667985300895 , 0.30933378335430833
0.2540763324209285 , 0.2608486314767931
0.31365435376486545 , 0.23831350474218757
0.2946075101548014 , 0.9004280521759933
0.32880485059506553 , 0.2894802289623474
0.3744114367715811 , 0.24771635772712963
0.3368399246902454 , 0.3309121867832131
0.31366859647435935 , 0.22305612219241294
0.3411942993309349 , 0.8758197644752432
0.34568950347049476 , 0.25165114561419677
0.23461459191178627 , 0.21178358059433516
0.3474256887087192 , 0.2893042745158867
0.27617094369672823 , 0.8625908093528495
0.27419963358143135 , 0.3109898900251696
0.2624724389498008 , 0.31292773818512076
0.31808021969441097 , 0.27557099587147144
0.23988130771789662 , 0.2888423462133908
0.20637104245821017 , 0.2735821121866075
0.263997977932857 , 0.26142650335496265
0.31403739389681906 , 0.2500943577553572
0.2053389274378867 , 0.2797818383035681
0.2649351064408269 , 0.27882603030031217
0.34847478455653663 , 0.30566861027428077
0.23997123695856176 , 0.22366454780672002
0.2604250508649344 , 0.2596951848422192
0.2581696436495199 , 0.24246920529807578
0.2960770198737551 , 0.3409314387380016
0.2757375169162338 , 0.25142612059540204
0.3193518171582959 , 0.8665611302558195
0.30719119721184407 , 0.2198746207535085
0.30671517262261405 , 0.22195094929739634
0.21051681481347123 , 0.295946555268287
0.3022216334133293 , 0.8694490039056835
0.23374410825348294 , 0.2419311155728747
0.20716376059193506 , 0.28638760816032
0.2902064327018074 , 0.8059497308728232
0.30404746364985674 , 0.27722695634407296
0.29432551230707293 , 0.9339223327549352
0.2730590106453047 , 0.2944926946919857
0.2513956909399116 , 0.8445920337806161
0.2611776663186966 , 0.8101882237078835
0.2868506475476652 , 0.21548175368494193
0.26676952031051243 , 0.9050557794415192
0.22451058086667333 , 0.886170836986388
0.28065815346549067 , 0.8788112257749957
0.30858968905580986 , 0.8728422046321417
0.35284231659689236 , 0.9264755539840532
0.28029051358366797 , 0.33389569619353754
0.2997259112750223 , 0.8884846186731837
0.2672958159877313 , 0.8450102973142622
0.26489098259935917 , 0.863642414049794
0.2769603871201732 , 0.19744658207210228
0.26921912862957253 , 0.898900780217687
0.24419208225428868 , 0.8342551019154019
0.2765084717189746 , 0.2743114538469965
0.2671899618711713 , 0.8522235779413753
0.35948238281394906 , 0.7919612549927318
0.23712419741485447 , 0.2900985983711402
0.2533751480423572 , 0.9269992356010524
0.2994823284400028 , 0.32300522660361647
0.25292494701213686 , 0.8201171018103232
0.3529608396001686 , 0.23738730719763293
0.3379307302011116 , 0.9208821075718236
0.2627347211065463 , 0.8101610594561509
0.280493872159966 , 0.30497361742330364
0.27265787637540206 , 0.9212286538628548
0.1959940190989981 , 0.2838359547787003
0.3396502020273592 , 0.9284663644028648
0.30186572037422943 , 0.28469316179797977
0.285240340549809 , 0.37561098540134064
0.21337825330135884 , 0.8541122739631539
0.2676373977912224 , 0.2782536014412136
0.303158848184104 , 0.8936167820882317
0.3157070885339432 , 0.29274907339480866
0.2704885637219916 , 0.8929275906311304
0.355253079447208 , 0.2666974595504695
0.2728672305723403 , 0.34006799263939297
0.22267943153766545 , 0.9011076203880657
0.2787886492054634 , 0.22845841174045042
0.3213672820018795 , 0.3075712106238532
0.2752399551266011 , 0.3239284735644036
0.2445097008443091 , 0.8858749292720538
0.2729222555823929 , 0.24613482983823426
0.2661608889129694 , 0.3590057875014285
0.39811273292708144 , 0.251034445479317
0.24257199657838685 , 0.9603694067838814
0.2548538328445959 , 0.8783211372815843
0.20522298911998893 , 0.2826976666904233
0.2995936770385484 , 0.24692899802425855
0.283424399694667 , 0.2991227019558199
0.25590496230063203 , 0.3016475209746525
0.2874541791076401 , 0.9349399232013388
0.24721186385083468 , 0.2574873493505097
0.29268812020723783 , 0.2678995235293147
0.27585667258325774 , 0.34573168298470164
0.2687653768947972 , 0.26045479611188244
0.24177239786051313 , 0.9216663328664765
0.30301334277005176 , 0.27821741506486847
0.3132625582184979 , 0.22351748589647125
0.2099989408538027 , 0.2477296041268737
0.2810225591971823 , 0.3281014982939684
0.2673176166785852 , 0.8687603184956106
0.28470703266833347 , 0.22241333839539587
0.24299117871159268 , 0.23396937801272644
0.21596625679060874 , 0.3286895999540955
0.2580409696943486 , 0.21729640431876948
0.23804346711837995 , 0.32554259257606305
0.30620955665024663 , 0.8523900554312336
0.27127823660128164 , 0.21842312142513243
0.22457135275387582 , 0.3310636154261904
0.2714381839739518 , 0.8685165567594293
0.3009027601410594 , 0.23226736779482646
0.21481724453148732 , 0.2757772851908674
0.35171091204763966 , 0.8999779308411596
0.25820062892007783 , 0.24071737591165307
0.29897015580475383 , 0.2723067974225843
0.28694811087153327 , 0.8645793716685706
0.2524401718039057 , 0.3083426178057239
0.26958114547431544 , 0.862095851921695
0.2746249666196809 , 0.2979957419764762
0.28080067335260706 , 0.2316878659758278
0.3422315040945172 , 0.8835564521814704
0.31164892029948155 , 0.23122919400054903
0.3036900331386862 , 0.2972036510520756
0.2762373153166518 , 0.8997599431035839
0.31717318283776436 , 0.23957637939624368
0.33551942408773083 , 0.2500573898018204
0.3530367336484877 , 0.8760254453153865
0.2806339089415245 , 0.2958207631244876
0.21393788759922622 , 0.2812804751766565
0.2729467056836899 , 0.8862270069463974
0.30836709302967114 , 0.26681066471244647
0.24244438261392584 , 0.3241594108203999
0.2572608094762127 , 0.9212385633759569
0.3060326375255452 , 0.23927114692651175
0.2723358199935049 , 0.8280930270279945
0.3052089148147287 , 0.31168983218232293
0.2060127187133266 , 0.2730906126282106
0.25016709373709983 , 0.8960340886241465
0.27406531158587843 , 0.3099839415427566
0.2699938333990487 , 0.2562375332136759
0.23669723001848014 , 0.20787346344657381
0.34157847916872386 , 0.2230816944980338
0.2453625808413036 , 0.8746665412792053
0.2593594119481439 , 0.33488530063726274
0.21552482404655116 , 0.31501784459037857
0.27397199155809127 , 0.25338788938822376
0.3117241016832039 , 0.23440367990157088
0.2684185598458734 , 0.2613847046620726
0.24262013030116947 , 0.9100699951243332
0.24952163572454947 , 0.2603068708110041
0.29793666241496747 , 0.23305057741212307
0.2521426982400018 , 0.27851299101105037
0.35147275937186234 , 0.8534436152527084
0.2424860745111566 , 0.27107489025872894
0.2772509569345455 , 0.260610525813532
0.27522291858052966 , 0.26657802554706156
0.3259558177028227 , 0.27184027021853374
0.3086073021669271 , 0.9029615576470038
0.313675138463388 , 0.32215643210698547
0.260313831984116 , 0.31557967890419764
0.35166347394175956 , 0.3118793577595358
0.2784541035315555 , 0.9019798528736156
0.26763091257519495 , 0.2338107926388592
0.2868426914974547 , 0.3064761034438986
0.26196253717786916 , 0.837390651992866
0.29355096956753496 , 0.355102581874905
0.22991439450618778 , 0.325473293203943
0.2509512079257603 , 0.25147934122154125
0.3417676380133907 , 0.902713053650328
0.23777313435375294 , 0.18867694598491627
0.3219122059911688 , 0.2582192534268213
0.2791196403856789 , 0.3388964377361107
0.287948553478245 , 0.23492266724527158
0.30019254425965336 , 0.2611706268419012
0.33670715228742937 , 0.2468032843119204
0.26634209650474294 , 0.2744351202716225
0.29040697245562186 , 0.2669986333168048
0.21624795819017467 , 0.2651875368283435
0.30843946547882145 , 0.2774511507552936
0.26841969370921775 , 0.2516866686919793
0.21130860681231947 , 0.25084373645941416
0.26328439704371864 , 0.2781240207384837
0.25638003530359227 , 0.26864954320359424
0.2288780027480182 , 0.24839723516831444
0.2503673139552401 , 0.27400279757209467
0.2660243975365746 , 0.24403845977126112
0.2824942382610962 , 0.307491662916153
0.2729522606729769 , 0.19808732078609187
0.27667940391106893 , 0.2861840515946765
0.2242375094584065 , 0.2926416844954535
0.2769290542244993 , 0.2645710426460349
0.27630889948193355 , 0.3012919655385662
0.25968300988342974 , 0.27718741972099387
0.24034953170900278 , 0.27399480070881005
0.25130733281553835 , 0.2635494387714861
0.2600015781157423 , 0.257980076327827
0.2679608678629407 , 0.24417329957739262
0.25555439245228584 , 0.28101681732962924
0.3003872502715578 , 0.24024217680835858
0.2890763036838008 , 0.27718047407979274
0.24458439717113103 , 0.2472369665363321
0.30893917852728325 , 0.27170800244791343
0.30658725885473553 , 0.3279945491426084
0.2712076272681003 , 0.3035429578262061
0.3256250982829916 , 0.3063448601402758
0.28183433600126806 , 0.2812063536390137
0.2824879519651301 , 0.2985154889456467
0.25447435403989627 , 0.25670015010323355
0.24104557431885223 , 0.23709332314893442
0.256655214755157 , 0.28901578932721395
0.3093714850136823 , 0.2807339385013751
0.8506504539945289 , 0.3637205807671931
0.8627034091895966 , 0.21109344719688636
0.86088946384616 , 0.29221852570696655
0.8726011942429283 , 0.23359184412733436
0.872872661063489 , 0.2135376299933803
0.8700982911901719 , 0.26864308774341056
0.9028324230939161 , 0.32615048257429635
0.8866212363424972 , 0.26168520686930463
0.8560271980696954 , 0.2514277785693555
0.878191371355066 , 0.28995940884871174
0.8643941800902397 , 0.25544335825089853
0.9103342163492465 , 0.27647096929535
0.8493858788619763 , 0.31261659427586785
0.8776066295350814 , 0.2561143927039115
0.9208575593228008 , 0.2663720104977187
0.2736283859259462 , 0.2479268649301894
0.9099912869344965 , 0.2975863692322327
0.8516065106061839 , 0.29186662136481195
0.846521012644305 , 0.2887487648458689
0.8664556512093411 , 0.26664910049333695
0.8685592819720656 , 0.358463218798545
0.26537575177827283 , 0.29392190311499794
0.9072200629203971 , 0.2582902224266683
0.8754775270365733 , 0.2499784513214644
0.8520748137245658 , 0.2679805326805579
0.22117822725681388 , 0.31173256091748136
0.912825827000544 , 0.2600355958300918
0.9295137758166179 , 0.3001385324586694
0.27255578207210573 , 0.28206070629180136
0.9037112267099955 , 0.25933588932391466
0.8965621251302541 , 0.2188356921940934
0.25189437086819744 , 0.20087728065236335
0.8981322254774636 , 0.28564440172491484
0.8659572403045845 , 0.33597924041880134
0.28886453831278214 , 0.3044202217142708
0.9164271446093347 , 0.22002023775513643
0.9009103467298926 , 0.24414600562775662
0.24967638676851228 , 0.3459095698275424
0.9182674572348546 , 0.2567937015714662
0.29381489512200376 , 0.26281901630078747
0.7905139506452639 , 0.29659126263668606
0.25800364454687946 , 0.3084769885405936
0.8987945998911709 , 0.2582737581011909
0.867769778832853 , 0.2967092137045044
0.24525227975665675 , 0.34210387779990137
0.8695002877184284 , 0.24615855702295097
0.33585996264328466 , 0.3153215266553292
0.8939993651437621 , 0.2631603482603999
0.9181427604112629 , 0.245192391810917
0.28412647840794275 , 0.2274552685750111
0.8840723513178842 , 0.28894775607978884
0.8769914252803594 , 0.2829404456444109
0.26855751635738223 , 0.32530455751677556
0.884930648581635 , 0.2632934321153644
0.271168079833695 , 0.28302836193601477
0.8743842031423688 , 0.2708377214969988
0.3468286259267792 , 0.32667578269216013
0.8621968328930464 , 0.29167329566240036
0.9236344955297152 , 0.213846134220766
0.3311658430023939 , 0.3049022277557447
0.9035394482249594 , 0.27871198353485377
0.29564188009959264 , 0.29925568150743737
0.8742842362460841 , 0.3249007048324697
0.32312072043993684 , 0.28977260453926534
0.8658877680092267 , 0.3156471591721175
0.2575392903890503 , 0.2887100945843079
0.8424197659485121 , 0.23124642955960664
0.199369864713581 , 0.18283429525298495
0.23463128603842248 , 0.29600904401721356
0.9225033440123115 , 0.3470347003291766
0.24898938186279512 , 0.29508357620665204
0.8824936423614682 , 0.3359771645051567
0.2464485684642436 , 0.19185496592725973
0.3015705616897256 , 0.24790245661733748
0.2885539244651075 , 0.24431812893119087
0.28080596761983995 , 0.30346203643299025
0.25279109140912753 , 0.27354677121011683
0.2783799392992805 , 0.3028446833447301
0.32719711300138565 , 0.27243870196502584
0.2735220430448035 , 0.3493546112111753
0.23721584594116435 , 0.27134233052302387
0.3546890859301912 , 0.333282778139312
0.26693591405244 , 0.23863854479296748
0.25798638006874736 , 0.2821296628802702
0.2257119291204665 , 0.24001211301491174
0.24559006187590118 , 0.3148978689686075
0.2970968307999427 , 0.24755747160245847
0.22715321836657854 , 0.27732417304234186
0.32844677286624857 , 0.28109047692535594
0.3014645223554718 , 0.30246959490079794
0.2524242748475795 , 0.2918999095434031
0.19887941676775528 , 0.29333694440924285
0.24912405209322386 , 0.24352435475630604
0.34640189445177183 , 0.24419401311454278
0.32938090101501044 , 0.3552169084766494
0.29204717303545397 , 0.2274013840091269
0.3121863817956695 , 0.28669583431337375
0.3054340835599126 , 0.2806516931430209
0.18581045549364264 , 0.3039870225144663
0.2497394826220561 , 0.26674380846074314
0.30125715308985873 , 0.28982232051713824
0.2975343185881188 , 0.28405874502925665
0.2975048356473707 , 0.29029715596725875
0.35040665485930855 , 0.2732274240646294
0.2557500979065339 , 0.8834923666658204
0.2950186006192221 , 0.9099902919997063
0.28705773655669325 , 0.9122928186552142
0.227833431802816 , 0.8628689638922851
0.2773906090391767 , 0.9051018294814184
0.33375953851846457 , 0.8558914848366347
0.19528175746877263 , 0.26371689924752234
0.25827289478593335 , 0.8476594637766431
0.25558183362927533 , 0.8842760314423121
0.3078303556802167 , 0.912369695663731
0.26616579770710097 , 0.9069889970455173
0.1724802682833893 , 0.2817913686067584
0.29708717982246496 , 0.8780268505631484
0.29642197499439715 , 0.8756017023053958
0.2826983385466199 , 0.8817439441081115
0.23314361049420904 , 0.8797537579025775
0.26101598897066247 , 0.3016974888464529
0.2804185394901572 , 0.9074657202761519
0.2691412395581037 , 0.8950272176640894
0.3256995138533053 , 0.23758156241558684
0.31535293735083897 , 0.8406438663412565
0.29101094603459116 , 0.8666521028054551
0.3082126776077881 , 0.27968004540676444
0.2888719146977299 , 0.8925018372912998
0.25936279325005823 , 0.9096717672249549
0.3096770681435283 , 0.8778210372210506
0.1645587455748564 , 0.8827958654887997
0.22962755170894034 , 0.35408079765916883
0.24964840123025733 , 0.8513356255202119
0.23468722087334398 , 0.855049045420106
0.2239090672865083 , 0.8985717663810956
0.3092093849122072 , 0.301923234166121
0.31082306249154545 , 0.8819600683402451
0.22249241429874825 , 0.8797365573929753
0.2746870128304281 , 0.8865979105051278
0.27514768249939087 , 0.8974614929953771
0.23358389578677125 , 0.23686840891646269
0.2903669578720949 , 0.894247373368513
0.2360266190194704 , 0.8921590115236935
0.3276184381410401 , 0.8929851995646508
0.27298888819320216 , 0.9017205206142506
0.247275470309419 , 0.8743774098436801
0.2546982000907106 , 0.8757166041639237
0.3029457701254368 , 0.22401062292508112
0.2941795360488995 , 0.8939049250475769
0.2910750338629102 , 0.8196581455487759
0.23393480487089402 , 0.8950417678277564
0.302574724978423 , 0.25456459891521604
0.2559602555996827 , 0.8242291793656298
0.3437704188303103 , 0.9255350567698506
0.2919353930451643 , 0.28263941763889583
0.29865715963891265 , 0.8705713005377081
0.2553312469090762 , 0.8771656487701154
0.28662221461571025 , 0.33000951926782274
0.2858613165241384 , 0.9004008849362855
0.3191851364735099 , 0.8258472874549182
0.32805243747815144 , 0.2875446371514284
0.24849082747761767 , 0.9085406886340205
0.23989029963100464 , 0.9381887525108551
0.31089395609929205 , 0.24839784292398023
0.2584030033062188 , 0.8497453385209162
0.2295009334363688 , 0.3237845437592772
0.2913987010697121 , 0.8649412559696418
0.2840591675903675 , 0.2763857162442491
0.25913211638709405 , 0.858319283276452
0.2620839479442801 , 0.2237600943056788
0.28085368421958506 , 0.8755640114412068
0.30970924634361163 , 0.9282022428143866
0.23110071791978778 , 0.26116465560656954
0.2498942430136195 , 0.8712811887752194
0.26954354722135715 , 0.20201032768213908
0.2548877857158159 , 0.9298959231460809
0.3065310987564147 , 0.24322033664346648
0.2875732743336008 , 0.9151674975179522
0.29882004571346377 , 0.3047538725927648
0.282568155271374 , 0.8648622740829428
0.32424940593442253 , 0.2555441666198057
0.3009946473372832 , 0.8944813438884263
0.3279975472740725 , 0.25631085303883394
0.2503666805762337 , 0.920142523317869
0.3020229536419031 , 0.19886189215959107
0.23514409558377594 , 0.907390626317638
0.267419151179091 , 0.3047217693364096
0.2807341299964317 , 0.9048712174411155
0.268871453362123 , 0.2768106065552383
0.2576082305373391 , 0.2658318765302634
0.3070266865150981 , 0.7783192054076044
0.2674897167823581 , 0.3000859318496619
0.33825040827019587 , 0.3193276379679285
0.2865839032384196 , 0.8689221202013713
0.2492013296516457 , 0.2863526858670175
0.268535355928061 , 0.8917194974605992
0.3246624021474275 , 0.2974302365088465
0.2562242302208472 , 0.2707968987784497
0.26547814622481114 , 0.8769239067425214
0.22623063045302466 , 0.2569421029374318
0.24463870147013603 , 0.25526185789306916
0.31940595498677016 , 0.30476178120160513
0.2502866547824439 , 0.9047131069779261
0.2482784704703535 , 0.27511897139256614
0.27406941883449765 , 0.24748364623262384
0.2570451937637516 , 0.8218744860320408
0.2989770010279165 , 0.2819040512686112
0.25123798659202906 , 0.2864418511644793
0.3597012027282322 , 0.22703871356588418
0.29074287468137 , 0.9221293231134626
0.27049765416024546 , 0.287829115230792
0.21821818435483686 , 0.3603698368035437
0.32160049722053075 , 0.3032377391072666
0.25090732208509114 , 0.8911351111890915
0.24247863200759986 , 0.24908461280822955
0.2602121243443098 , 0.24487449146637694
0.2617454020867821 , 0.9164821276955887
0.18550634821630563 , 0.3001701016840236
0.3158347102825207 , 0.3001039700131071
0.2661515112663916 , 0.27232946486092585
0.1833058772271934 , 0.8755103771760422
0.284653744187405 , 0.2712532384271144
0.2513259091636068 , 0.34474998140909746
0.2843275335792989 , 0.8877011199788886
0.29170916106090833 , 0.2766846264380299
0.29312530823135585 , 0.29724260496695226
0.3091544197138372 , 0.9121108658869095
0.2968206225908739 , 0.21421836203927838
0.26349586795741814 , 0.3395360279894468
0.3500218522447086 , 0.20592235396355096
0.23577453381652252 , 0.9030049941888254
0.2667062010812045 , 0.2509825494970494
0.25924122370021413 , 0.2924436960358109
0.28352475077400213 , 0.8640501366771329
0.2952476134953555 , 0.21833937391133035
0.23966675132026996 , 0.3169433808223339
0.2550421555583193 , 0.8413698664782212
0.309401675729015 , 0.28879677705582957
0.2654076767052089 , 0.30890053993554656
0.269629875065463 , 0.9062950866463043
0.29934802619069056 , 0.284642606631225
0.25010017096309906 , 0.29213414353166406
0.26492825347903914 , 0.23753812636471705
0.25673268084069073 , 0.8441822100869948
0.2418127472145343 , 0.2628602172680432
0.27801021929197994 , 0.2732823225603325
0.35423373866584823 , 0.8383934645353796
0.25712234782000315 , 0.3480735421236522
0.2534745097044336 , 0.2540271934507003
0.30291210849214145 , 0.31352019032616135
0.27467076308002686 , 0.8961763863755816
0.2896944101076595 , 0.2704191784840402
0.26815317582247833 , 0.2506357516806646
0.267628635280175 , 0.24699504557465873
0.3147815668637636 , 0.8916655319763634
0.2529894008410587 , 0.2836884857682171
0.2822224746677976 , 0.2939633229672326
0.23706374799860452 , 0.3270270614415851
0.28419496943684863 , 0.8807481545103836
0.28609590043562877 , 0.3169834443360149
0.29396919353116935 , 0.25510760301926205
0.3156449597123308 , 0.8837090155088307
0.2736688639309386 , 0.33846250327541444
0.299846619727106 , 0.2906946896545386
0.2700435095760033 , 0.9107115274252459
0.2595107915377711 , 0.26151000331276575
0.2635633251560294 , 0.29277994287259773
0.3346039637555588 , 0.2840651042178138
0.26043220244043624 , 0.8870326857628295
0.3045170814401107 , 0.2824823422873892
0.23326950081161515 , 0.23651815131998383
0.3345982556188041 , 0.29773004228575506
0.26104411999913485 , 0.8501844071750728
0.33822435478056756 , 0.24477044335209105
0.24866463643010128 , 0.2659551212822296
0.3068420740429147 , 0.33284932788500027
0.26199015197196973 , 0.9098975796692449
0.34257753590025636 , 0.2877097401989696
0.309718029842232 , 0.25576362037574685
0.31385202627007214 , 0.3086391315473396
0.2500157057728142 , 0.8977290326004732
0.30966968235798664 , 0.2164488475240417
0.30373892710390477 , 0.22377843120528376
0.260749657791065 , 0.22420377737737784
0.2524276058701653 , 0.23852409755293552
0.27950234068714336 , 0.2790525053171434
0.2967921043848319 , 0.29202036605240866
0.254002608132686 , 0.8979328943222776
0.2603711135951816 , 0.31997522329168493
0.279051026792606 , 0.2954577112289639
0.3197634255086302 , 0.28876461328114045
0.33034166048912517 , 0.28017789437492313
0.3227327461911253 , 0.251786276752997
0.284724897546331 , 0.26371700868020953
0.22611611040772853 , 0.3052538111790723
0.23979354673387515 , 0.28394501890246276
0.2910368121170865 , 0.24178575573209163
0.27598490564635136 , 0.923888473631646
0.28519687501300556 , 0.23061944847951307
0.28521435081685503 , 0.2144358665439809
0.30028045910701706 , 0.23715137469593178
0.28998702187090447 , 0.30318510700194695
0.21349194075774083 , 0.2342852556401736
0.305944487850159 , 0.3084085550874664
0.29741871125921165 , 0.22606784850749895
0.30158791841979987 , 0.26522130256949855
0.25576871348946945 , 0.3068412292252551
0.27812735178676734 , 0.23259820730397573
0.26896458966446907 , 0.2011212139925461
0.20460409902184717 , 0.2737418870210297
0.2710543012551996 , 0.2993990369849823
0.26513960351613625 , 0.2770734060571515
0.2751661759280091 , 0.3159002640848301
0.3116876900439584 , 0.3170733574412523
0.26083850057374985 , 0.3115038612030152
0.24513321994125176 , 0.33365728907606546
0.25489289738517873 , 0.2844048145837048
0.31102122777861496 , 0.2393180687227524
0.2626424355414976 , 0.2708888189118626
0.301301796683476 , 0.2840857233546801
0.24297259756844947 , 0.27966606688669854
0.24393043096648612 , 0.25808101155898816
0.20649742801583312 , 0.3709524188549956
0.2319099753225104 , 0.2984508931110643
0.265975998484676 , 0.26365615188358826
0.2758175902045698 , 0.23254511878646963
0.29722238519655986 , 0.303565400137576
0.3224538577070886 , 0.2055531314827617
0.3062733609207982 , 0.2585573655006465
0.3523360448504229 , 0.31045640407053027
0.24604315923996067 , 0.25719258957361946
0.2955387990325667 , 0.31387434226047534
0.3424232530452942 , 0.3162138034675575
0.27034377097655443 , 0.30365172567630155
0.2684102255305957 , 0.3124063514549262
0.24577335035808556 , 0.28669704955750847
0.27987064209420975 , 0.23427072856423184
0.3524055770188251 , 0.3132769869645424
0.2875472346631323 , 0.2661959448197883
0.24098209047038024 , 0.3217376830050614
0.26936547290218976 , 0.28099467011944085
0.27807055769654265 , 0.22734987586703093
0.2679029346349544 , 0.22159505656388825
0.2641574747992139 , 0.2728662831695876
0.3314643267664065 , 0.8417193815810551
0.21986081738058555 , 0.3140114627744748
0.30981126740566856 , 0.2951509432172648
0.29046871111376193 , 0.2521382441740746
0.2273272690625108 , 0.8778502949923186
0.34034905587839037 , 0.25972611757825453
0.25068860881171323 , 0.2663716339161661
0.24880670246928607 , 0.8785933319123923
0.24518366020183938 , 0.26306497803641277
0.2700453448515128 , 0.8584338237659297
0.15798482427433116 , 0.203402049958793
0.2904895601657509 , 0.29432879795140476
0.3342771119251475 , 0.873029511045984
0.277369103666992 , 0.2964264537582257
0.26313186530939614 , 0.8917613471113213
0.24914742752804825 , 0.2560168140149332
0.20277384080423988 , 0.8776739492723323
0.26765246646200846 , 0.30579387682427217
0.27260454704402787 , 0.27636540299992574
0.26900119133841177 , 0.914435055345318
0.27803005369581374 , 0.3125291124275719
0.3230163450709281 , 0.8712934448681261
0.23119138580474857 , 0.2956246189345294
0.2258935087236133 , 0.27434123686053974
0.3443586536424165 , 0.8660139746934412
0.25643303148983465 , 0.27208274059909954
0.2602287548780411 , 0.896576407518016
0.29893333373239134 , 0.3073086368191963
0.2323675858483803 , 0.268692671044298
0.20626819819248057 , 0.9021058278170112
0.32746526420527705 , 0.3067615307933126
0.27018519552940207 , 0.896740321390875
0.290653472242888 , 0.32173597083041916
0.23474292170139638 , 0.2886226055646856
0.28987862319196894 , 0.9184786433822287
0.2483105226895937 , 0.2650991877617968
0.34078632847231777 , 0.34323983768423993
0.340138643067165 , 0.8791622362084653
0.3156316363168192 , 0.22315635418563604
0.336716096339208 , 0.8811675974487874
0.24161956751010324 , 0.28434331720875466
0.24300933883823567 , 0.8926444598318067
0.3073014751349284 , 0.28296892647282224
0.2869363587227005 , 0.2635356845358077
0.3105818446071669 , 0.838188794680297
0.28186751308943353 , 0.2823180749650283
0.2698576766240098 , 0.8464068928618671
0.23867319911930962 , 0.23321923153074947
0.2602330789691314 , 0.31914992059036656
0.29611152378677597 , 0.8524103148521361
0.3323929384097046 , 0.24917701231140169
0.2235132420316098 , 0.8623514935383033
0.33476694180879135 , 0.22392080034317896
0.256853076300081 , 0.8804930596308976
0.2836761574346768 , 0.2710753336396436
0.2736188999115038 , 0.2184863447951773
0.2809701624838048 , 0.8710487507742792
0.28084592337271463 , 0.2677082420072297
0.25195435309924297 , 0.931506640890145
0.3181228638044653 , 0.33808957617312096
0.3053977470026893 , 0.8564903252889526
0.3039876359814964 , 0.27929518280294763
0.2630196261929452 , 0.883846976456317
0.21847085562403215 , 0.2928198928494161
0.2582566875616329 , 0.9125877130101336
0.29401847931676217 , 0.28074473037012165
0.2856309636586781 , 0.28190759957526246
0.3078301027489963 , 0.8924531565284659
0.33305381600559225 , 0.22828604409216197
0.23148775000849214 , 0.22579634894185355
0.272903926668603 , 0.8940748491924486
0.3023683009600679 , 0.3028507983187263
0.28826100069160665 , 0.9284356728477478
0.336529582864598 , 0.23486714599599257
0.23814090000331398 , 0.2598337247971105
0.23711206327293932 , 0.8885641860596376
0.2674465448565289 , 0.3164273497266388
0.24711849589968693 , 0.29979253333370337
0.23805099287808543 , 0.870965152279677
0.30715152013160085 , 0.28085597195360534
0.2509142470853642 , 0.32216098582542296
0.24271965442758314 , 0.8669153637620843
0.29845836153122374 , 0.3027465696560906
0.27731228545236036 , 0.28314148818947094
0.3028217115107433 , 0.8695924292163045
0.263912537641901 , 0.3055654541749618
0.27357698547740594 , 0.3602673088507714
0.2652890559473934 , 0.295608862355619
0.2404262916727496 , 0.8954120468006073
0.33794507716337 , 0.2446069465020209
0.3848120357902495 , 0.2593532941569394
0.26828592567341447 , 0.8594287661370466
0.28024915664854727 , 0.25497944678892664
0.28690216088445314 , 0.27207031807224175
0.25887368580183473 , 0.9151725310234233
0.2942599280933246 , 0.23943638532178946
0.2778248206502523 , 0.9254459389301884
0.32378888030202174 , 0.34479974508705147
0.26726913086854415 , 0.8751740479214382
0.2733173358242139 , 0.28469660984872747
0.20270526102483233 , 0.2989355625329554
0.2637156550136586 , 0.8691145060613924
0.25729060166795203 , 0.2676422328795478
0.2440830346625055 , 0.8713905669286289
0.30664886229666566 , 0.30657331987549014
0.25902208627312723 , 0.21550962441929675
0.28942955783782315 , 0.8695507077692765
0.2596246895415293 , 0.3282289612692211
0.2663070786319726 , 0.22174627339747854
0.2892516883402993 , 0.8572052599884986
0.30218442725751293 , 0.2695758529946017
0.30576254548709814 , 0.2189549600555291
0.2729151142520359 , 0.9129659458522205
0.2907075200839091 , 0.2330813072522788
0.2912658779198664 , 0.24217693085856493
0.2278218942040904 , 0.8900127261621107
0.2724850764084386 , 0.27200613314145083
0.296618387431316 , 0.2216645805349513
0.29023756278982404 , 0.8385071243733525
0.333516605130684 , 0.31569253516096063
0.29023497995156444 , 0.2605512210756718
0.2876299618177591 , 0.23295756316023586
0.2036751863070555 , 0.9130877711850932
0.23680110655409584 , 0.3226081935074153
0.2492583498804374 , 0.28865000092787085
0.28449880544264916 , 0.869097953133184
0.3306275970513485 , 0.26873910385570987
0.32954710758462274 , 0.2616441244051513
0.28391414442861657 , 0.8804261892757935
0.31183978849203287 , 0.31024863339037306
0.29692392353885194 , 0.3723815878832653
0.2746420726371112 , 0.9047887153001907
0.24797433472618186 , 0.2981803140054342
0.2723482784954022 , 0.25097400423212957
0.29273848238408934 , 0.29374878905882595
0.28484975347439057 , 0.8288418027260527
0.24945854944856877 , 0.20058216110280944
0.20990763694185194 , 0.29130751451659503
0.26894985053074877 , 0.2561134877436881
0.26805462489067844 , 0.8974774359291491
0.28985122947213626 , 0.24700786713470657
0.27745733301076686 , 0.2880004268338955
0.30049589499856166 , 0.2268545759939171
0.28902441536542245 , 0.8967514836858037
0.27803926014217856 , 0.2922901898866682
0.26463836961384923 , 0.2518801521564173
0.2805361315622692 , 0.8419662947277652
0.32528742064966126 , 0.2996830068959111
0.23229939817137144 , 0.2842799709328362
0.28394133937892774 , 0.29952854960678127
0.2571292182871391 , 0.2900708036903703
0.2235417394939135 , 0.8438711629252178
0.2552539422348165 , 0.29839617525803064
0.2761041561354371 , 0.20274755330109837
0.28341414444684115 , 0.30061553648813755
0.29259885942854086 , 0.8697005618599293
0.25575220400546245 , 0.3086692645440031
0.2704253110775984 , 0.2592044920238283
0.30509374263699696 , 0.2767182091646508
0.2180010804999657 , 0.28528331289212944
0.30719819390299413 , 0.22290154274321058
0.27906744752808876 , 0.8925357332452174
0.2906219946547978 , 0.2639793222479976
0.32147855511371987 , 0.295399177878996
0.2308269736527627 , 0.8864389402355636
0.2995436431470535 , 0.2785414582468862
0.30621111512093324 , 0.20581001256858397
0.24081767454853284 , 0.8413709908048935
0.2926670508053336 , 0.25372386268072017
0.2690045564783801 , 0.23640304373380477
0.23495840207854185 , 0.8711994915905632
0.32787009947432055 , 0.276291942692045
0.31631196476743456 , 0.22932333166260824
0.3199820158580868 , 0.252077156867947
0.26616490073800875 , 0.8612560669562942
0.2644478649427275 , 0.2896211164790586
0.31846427672150474 , 0.268167325319122
0.2528034179030148 , 0.23799312580261947
0.23044076637151892 , 0.8678977286998419
0.2569392748986095 , 0.26307841858164865
0.24611711447985077 , 0.23315075054347428
0.3124990087339817 , 0.29955864438504526
0.2354102527020307 , 0.8938551433436884
0.2760394261405182 , 0.24952769179406026
0.27905361230457626 , 0.2725239294319137
0.24651926647565303 , 0.22262818621256047
0.3337526498506109 , 0.8941248427598357
0.3007205115407026 , 0.2564304234271481
0.2595111854623734 , 0.26303864969768576
0.24521707463603984 , 0.2767061565683772
0.2745110773931402 , 0.22350239420016524
0.28668657046507345 , 0.3652849301378957
0.25612669973235724 , 0.29222337604983656
0.27557297843581774 , 0.2386293761648855
0.27240842021224243 , 0.18311171045677457
0.32499881732387803 , 0.8514316827788853
0.26689340764474107 , 0.3294230089801808
0.26871419294032484 , 0.26910168369360327
0.3043927671315312 , 0.30036886948394653
0.29682552277122565 , 0.24076335761053205
0.27428352484575785 , 0.26166410114215416
0.30620712003825207 , 0.2684591939999737
0.2800279942480199 , 0.33790870557080405
0.28455302719872566 , 0.30095400576464854
0.22931105812105088 , 0.24069819963640982
0.23605570006260296 , 0.31536125066997917
0.2536556487404378 , 0.27135631711006186
0.2882786840596796 , 0.21058461255318878
0.23250775369295823 , 0.2741346570418012
0.29865689091094394 , 0.3095662023802863
0.271039592884704 , 0.29649741611598257
0.20547764366433344 , 0.8984442213900576
0.2752956453687707 , 0.24994026023513094
0.2924963289632222 , 0.2841872759276233
0.26622033966960007 , 0.26175621994837694
0.2684312895691351 , 0.23269258256827313
0.2782303303328341 , 0.2845765037708334
0.2897895131294865 , 0.32457851624406536
0.26046312316481757 , 0.2693127138296464
0.3002691587710111 , 0.27181867891658584
0.2370091789682088 , 0.28153803891078594
0.27491296738025506 , 0.23847876975102913
0.23253299374124847 , 0.27690366660897625
0.24119301091212103 , 0.2830439062626843
0.29365959563211536 , 0.2972229060791461
0.26542870017770587 , 0.31414771366487465
0.3063719992513402 , 0.27481298245115526
0.28655545616545147 , 0.2306535614453663
0.25676946190912686 , 0.21772907843734426
0.25161332799245034 , 0.28535250599139
0.29237170186565214 , 0.31690873952818865
0.3332075317350747 , 0.2955336470602946
0.305374373090805 , 0.3380120817438668
0.244729633200588 , 0.2824488072907639
0.22631353887823727 , 0.22015080258409414
0.28855516346054444 , 0.3141104413512608
0.24495561283025633 , 0.2877806544146579
0.2932147505855735 , 0.2869923054640626
0.28114447186868025 , 0.21842073229848386
0.3220324132554801 , 0.2504426642173405
0.2589476852383011 , 0.25540551998762584
0.2764843678438901 , 0.3066919531958322
0.19906824715813437 , 0.2921772087541305
0.28216119974866305 , 0.27007236370943
0.25280547669650544 , 0.3323752860544545
0.2748103333232739 , 0.2955227901773014
0.28438554046719805 , 0.22524062415404503
0.2873530848236846 , 0.2901640280359233
0.27372434133054285 , 0.22831056700538477
0.2853710737364719 , 0.24783637635191055
0.2683586921666144 , 0.2370397604192799
0.30935217822817246 , 0.21358946459377273
0.3294094683514174 , 0.2897615104182258
0.2978065619029367 , 0.28834783366977845
0.25762205900234875 , 0.2781114855103795
0.28299079351463896 , 0.3495599309174976
0.2788428384103086 , 0.2655998983620904
0.27424637459718415 , 0.2292614446980319
0.22828915946882583 , 0.268091741463458
0.2918573633946099 , 0.2546588527121495
0.3446902459509254 , 0.22676821569863218
0.26286203928191143 , 0.3435913507960344
0.30995500007509436 , 0.25562503674609016
0.22627667443141541 , 0.2459076502319119
0.3022763752572891 , 0.2396281712711361
0.2624711823676787 , 0.2867873912549443
0.30502044895891695 , 0.34563359383110864
0.3270003481928033 , 0.29169776844022044
0.30364512191293186 , 0.24577810158341318
0.28421797008647126 , 0.23425510177432948
0.2576957040430862 , 0.27443092611089764
0.8823468432915161 , 0.2690266214226363
0.2850123222228477 , 0.293688486513559
0.8382326070644784 , 0.3013584337854594
0.27449148712165444 , 0.280144071062483
0.9020980316782884 , 0.28413093504118614
0.3432923061480801 , 0.33275188941725636
0.8759329023170339 , 0.2960062879962323
0.3032524496568138 , 0.288213582191033
0.924706727461787 , 0.2571145206243468
0.32867626145586587 , 0.3106379210781812
0.891939894620784 , 0.2876449780810028
0.25124314563291544 , 0.23095434795845737
0.8810259740463339 , 0.3069536782173817
0.30819520656615235 , 0.25368037228860263
0.8903486111672909 , 0.30691918024330084
0.3247666228842558 , 0.29009531721758913
0.8978033880733676 , 0.2761489558033406
0.2413046905030051 , 0.31891687614041714
0.29678545300953985 , 0.2824641923354073
0.8478557930937071 , 0.3287033321706178
0.22142078764747855 , 0.31110395137285873
0.9056531523051586 , 0.309374736549116
0.24243457052832518 , 0.26214676710821766
0.8975896641304366 , 0.3453147742144353
0.3092916149536333 , 0.2579610847469952
0.25287158686540084 , 0.2746471728552796
0.8432633593433988 , 0.23662618565982196
0.2994517915722975 , 0.28740483699529534
0.29558453469313967 , 0.23067808825466618
0.9272431945310085 , 0.2989975120476646
0.24695018302881708 , 0.2869504735309689
0.3341703493781867 , 0.26782833444033927
0.8938685411925626 , 0.29470808944937
0.27364472609910107 , 0.2915705427033487
0.256693656885408 , 0.3135226510507606
0.926076605434827 , 0.28305665964749877
0.2213851327239193 , 0.2662848436267651
0.24826648203680143 , 0.263172081581885
0.3126933778699731 , 0.34143890750892836
0.9063545211062752 , 0.2862149866704838
0.2540327690578331 , 0.2804722520663902
0.31217236011481136 , 0.3090488598160716
0.2577793608476444 , 0.32308689323285744
0.9580372718638409 , 0.24503729292178605
0.27238380484811886 , 0.3127377132982931
0.24216615888815804 , 0.24098366729330925
0.8873798158195255 , 0.3019968509314189
0.2563627481984631 , 0.26056241666970487
0.34783421275046583 , 0.31435534891627065
0.29610445960717513 , 0.2977706413804047
0.9080015581295632 , 0.2521350306965308
0.2818231972079604 , 0.19221298337668874
0.2536320691893293 , 0.2944151281191223
0.8912129696138453 , 0.29418771025330126
0.3235002394898248 , 0.3363780848658885
0.24196279499542928 , 0.20569760742397594
0.8820654801580636 , 0.2271446143258923
0.2555802479161927 , 0.28848738703519683
0.3463088905149609 , 0.24863566240354862
0.860939662608536 , 0.2949587567671485
0.3038560039296635 , 0.24335830118330545
0.2819832788222944 , 0.2425355397153998
0.8341073761152551 , 0.2757704360864211
0.3174208572104581 , 0.2790159362937732
0.24436580011665576 , 0.2660579219940052
0.301811412109556 , 0.2737628488086959
0.8733898348487995 , 0.27554678398268173
0.31859786947745844 , 0.26257450489274015
0.30337187957185974 , 0.24930135247331325
0.25633748848629734 , 0.29451549891931383
0.894667333842998 , 0.2724315427754592
0.2414066974943723 , 0.24148792409450115
0.28410361195830436 , 0.26158529584087936
0.2776053761282304 , 0.26958277467948666
0.8602860083929041 , 0.28615978524478963
0.25630224243758204 , 0.24555182929081798
0.27526501077229926 , 0.3263102901127617
0.30350950799793613 , 0.28246965686735903
0.24658270330289353 , 0.23797205723255613
0.8735030802593933 , 0.279935143411968
0.3649355448852128 , 0.3097937470161332
0.24851973952786927 , 0.24438050280744086
0.29971026867222844 , 0.25864444000565073
0.28289579392674274 , 0.32234040338253084
0.883768586076449 , 0.3079435404159577
0.31477805438982986 , 0.26764577984426235
0.2590742644050336 , 0.30582058384758737
0.2656849156719581 , 0.25620590520958664
0.3194681095573829 , 0.30919860842426344
0.7982871462714141 , 0.17277640345101
0.27715660481667914 , 0.20872163629047935
0.24266553580349798 , 0.3096928300943825
0.3202332044852618 , 0.31862208468610287
0.2849276613057069 , 0.22942711615065672
0.2472446462643074 , 0.21878152494285763
0.8548784423379188 , 0.3080944137127599
0.26873976531442517 , 0.2766312631423281
0.25308735943734045 , 0.29622244147823606
0.22443167233357084 , 0.2772872853756474
0.3243591141980385 , 0.273590565029983
0.9212625133658179 , 0.2916187166416007
0.28691370776304936 , 0.26499429202127506
0.3212789745121183 , 0.23388278625010575
0.25808117963780913 , 0.2805753404131103
0.2876249386851911 , 0.29712411681117995
0.28771236757929003 , 0.19274696977754385
0.9447832160309343 , 0.2471184630073413
0.23762176027862697 , 0.3256552378058527
0.2376653725617534 , 0.23391612330448408
0.29366630023981943 , 0.3606741746719919
0.8399553144825105 , 0.23760418728653515
0.2720068784378214 , 0.22635262832649736
0.3217540126728524 , 0.21973670118548838
0.267429683997198 , 0.2593910571928668
0.8327967443095429 , 0.27931451036312227
0.28063866133225546 , 0.24864655834797816
0.23080872376033523 , 0.3308791698464083
0.2838536929148041 , 0.2915852944519112
0.8366587169732177 , 0.2881841926138437
0.2543026262585219 , 0.26860036285458877
0.2699391489951607 , 0.25935352915350113
0.3604862369390386 , 0.26730339586010204
0.8456081204843717 , 0.1897828710381759
0.3192636428736003 , 0.2828455774571547
0.3205799176583082 , 0.20433293612159356
0.8732001973450232 , 0.3238108322528162
0.2673585570115476 , 0.2704719394748744
0.28117603989998186 , 0.27996133208432067
0.24963841710335558 , 0.22457293969068046
0.9080632095310968 , 0.23303166772504308
0.3019616095550539 , 0.3211574839760116
0.2825037882836885 , 0.21652985918688059
0.743655347649247 , 0.24552584346839823
0.2665443597670168 , 0.28268901514911776
0.29884499665911174 , 0.3835168569180991
0.9088119841265352 , 0.3381136394773792
0.27159450618374725 , 0.3015636382444339
0.856755254217168 , 0.30573938522101735
0.29721840330374316 , 0.23094308372691943
0.9691228197945713 , 0.25370950556290883
0.2670602677464455 , 0.29033841002847394
0.9024015366687055 , 0.33460879387366305
0.3186997912669162 , 0.23957256088193116
0.8586947105562938 , 0.2899115722133973
0.24328182788298908 , 0.3202758634581342
0.8592266378450645 , 0.2729257233320513
0.9102242746446547 , 0.2917202307664527
0.2215012318484604 , 0.2271245050837881
0.9212932990700304 , 0.3302447238670837
0.19019140340082702 , 0.2550866885709685
0.31206007121675694 , 0.28697216030591693
0.9320036853537118 , 0.25796443711157413
0.8830032790237642 , 0.29862433457322834
0.8581709921176202 , 0.2801568541605411
0.3410975217448004 , 0.2628816157990709
0.9043540371516828 , 0.28722269862103184
0.9287014634079803 , 0.23317204551989987
0.29410741942464275 , 0.2797986469844167
0.8776738083401283 , 0.2925740673347898
0.254393859567038 , 0.2725198041519588
0.9014495938332734 , 0.2691093548023646
0.841082051532989 , 0.29130500739010234
0.3117711370685913 , 0.20733658352687723
0.849083514984085 , 0.2767817548957673
0.22864611445650485 , 0.26053414275905384
0.8769508830727014 , 0.25801312942923016
0.3029430121149892 , 0.23137141757938384
0.9104893119415629 , 0.256163322650083
0.2401406245351669 , 0.2785730936574647
0.9805619857613428 , 0.3469124399864013
0.2884043446066938 , 0.3032209279125581
0.8615395169052946 , 0.2391499602216536
0.3197234003755341 , 0.23852585349153582
0.8325755322508762 , 0.2735996420666666
0.2799358126805809 , 0.2619726710668602
0.905442519486521 , 0.19550293652017045
0.24752733577782163 , 0.28491151041338875
0.8716550218979207 , 0.22692401839617835
0.3595889011164233 , 0.26812185418685475
0.8753805870975111 , 0.30217074111406034
0.292794385030126 , 0.31337377255836246
0.24750620743351698 , 0.24052238888465458
0.9068746199512082 , 0.30187895204875476
0.32132084254 , 0.3263204118301764
0.7886539794397753 , 0.2857516054704443
0.25423425059873145 , 0.3099520513942697
0.26901625924860423 , 0.28425872062420554
0.8741657787914195 , 0.3438979576372555
0.23794525843258457 , 0.24727458310773712
0.23057675397532448 , 0.32145332541878485
0.9015604391151495 , 0.24752598436107345
0.23306224284971408 , 0.29252537416242663
0.2492817570333464 , 0.27045696751488885
0.8263870445902085 , 0.3158879570050256
0.2510311207763312 , 0.27347911085677323
0.27237568347866553 , 0.26889997326683257
0.8691022952656402 , 0.3232262538815707
0.2864001829222333 , 0.23862975118401847
0.2447156382054592 , 0.2873726109320184
0.8413677371608826 , 0.27393281290786564
0.33155390505013665 , 0.3216876483956901
0.30875039859239023 , 0.2936002339695504
0.2498597146812894 , 0.19799044720493975
0.8991329222745517 , 0.30133498573439044
0.33335662206325567 , 0.24739823460135343
0.30013529159052543 , 0.2578907798758217
0.3114682184510194 , 0.26879991455328656
0.9087135803645131 , 0.28353189562114367
0.29703911498274504 , 0.22587283958919646
0.2783762592115758 , 0.23642230478604742
0.26702680208309765 , 0.2752501228485236
0.23916286871370535 , 0.2686114814686324
0.835510832446282 , 0.29573819376480953
0.2812825592595172 , 0.32170353803668345
0.27279319187479156 , 0.27891682625025177
0.2475161242721506 , 0.22632437556793933
0.30785181462575717 , 0.2583028769616595
0.28490240883760065 , 0.2451800687615779
0.8870294600248196 , 0.2946689901615439
0.2875911033186597 , 0.24955509953026853
0.2577086363327189 , 0.2952209810115991
0.30350732863590185 , 0.28101369006665133
0.3211231565629669 , 0.2813836499887682
0.216518218816482 , 0.26945653220608123
0.28166851146328997 , 0.2848380252483284
0.876777620161881 , 0.32408601057316067
0.2885672596526672 , 0.25689623343944945
0.24285120933594376 , 0.2120086293314807
0.2897144300339406 , 0.2822358222143851
0.31978853101553895 , 0.22783038657313817
0.28520261540367925 , 0.34848315879891434
0.18371869748549632 , 0.2801367241009014
0.2937144229166005 , 0.2994783108173522
0.8632957349425118 , 0.21486524627818915
0.27404420316265615 , 0.343058240105629
0.31434204400711335 , 0.2557281857636948
0.24543436808514957 , 0.3142026679579302
0.32731031414417644 , 0.2830966107417847
0.2969268262205044 , 0.2971364363466993
0.26399217651938894 , 0.317698382454176
0.2593175855830023 , 0.28544538777668677
0.3031950204490387 , 0.2459499379311976
0.24197012341487018 , 0.29854278920134014
0.22695941748378354 , 0.30095226818841037
0.3042341754777906 , 0.21287998174735465
0.22983171242298386 , 0.33871556288164106
0.30026884173272334 , 0.19333919274815542
0.3049976260786367 , 0.258997432193314
0.3425081259057032 , 0.2577251011464962
0.2726114447172099 , 0.3141940605682916
0.2718401775168017 , 0.3025730774941801
0.26953801671073674 , 0.2661568759070557
0.32452376443957576 , 0.2616067746006155
0.3209492491083516 , 0.271405319202164
0.2512535141489392 , 0.314884036427083
0.32585484872531123 , 0.33492793559762124
0.29224023752332884 , 0.27347086161990014
0.2863853593425565 , 0.2785132152046769
0.27743850103948453 , 0.2643471120425371
0.33306916749130505 , 0.2666707167052347
0.22557109978833922 , 0.31546666095125975
0.24933057107334122 , 0.30446352679444033
0.2433099153544677 , 0.211253200678258
0.27618607064417794 , 0.25235797819431954
0.250520661663392 , 0.9098817124374089
0.21666292626295514 , 0.3520483927394648
0.25583085415115303 , 0.8675421059727044
0.2875390776884132 , 0.8414582947308826
0.2783642887630565 , 0.2575937477549919
0.23047740411549317 , 0.9175721121115287
0.2999015647200482 , 0.8645901177046244
0.26967145722777214 , 0.31558147590164753
0.28574587322051476 , 0.861377144354219
0.2478946716665173 , 0.20964735845552238
0.28010851872876774 , 0.8709002147492131
0.26344161059323423 , 0.2825011191059045
0.2911200136600451 , 0.8535568433875548
0.24061239095518128 , 0.8934152412102137
0.2855681768207778 , 0.22274499122279764
0.2008522883534531 , 0.9323879657954398
0.25122595081218435 , 0.281614241816765
0.22514152809913582 , 0.8682428711592642
0.24335723184440045 , 0.2584545187455388
0.2651072079520689 , 0.8880056335937633
0.29687144430034285 , 0.3407648247472781
0.21008061673625433 , 0.8890807691360847
0.276805412828975 , 0.8957889005607995
0.3207073757094218 , 0.32514571798265796
0.3320838372853366 , 0.9296058441990078
0.2532547605611134 , 0.3127562738849938
0.2546291454095141 , 0.8512207186967634
0.3295046429118253 , 0.8178046901533479
0.3145080822607069 , 0.2612872792331107
0.24081108481964325 , 0.9080290052295426
0.2773435515224519 , 0.3160483395759439
0.25545212909889553 , 0.8616252947699253
0.2661855071262922 , 0.2957551119193204
0.2753687207120625 , 0.8827031532339374
0.24936449913241443 , 0.25381976882840285
0.2724984522978939 , 0.9103341479526869
0.2904725474803234 , 0.28282629996727615
0.24137323549658252 , 0.9005267371195907
0.28102713937435153 , 0.2453733063427455
0.2746693194957655 , 0.9064998438256485
0.28267154516691545 , 0.28599584293737
0.29447238236497786 , 0.8802061406325559
0.2811073836971558 , 0.3042885050793386
0.24625263539585618 , 0.8629381045525844
0.22830128594897928 , 0.28256155242305714
0.291067430613296 , 0.8937350680225576
0.2635470807156114 , 0.3082379687058474
0.342489843918008 , 0.8813522074205957
0.2659397234771611 , 0.23222565109261956
0.308628789702233 , 0.8688240956708447
0.2879913838331598 , 0.29365206652739284
0.2862432245902894 , 0.8291333317989047
0.24040642833579906 , 0.23729851598383916
0.27778309909654175 , 0.27735193882305753
0.27126211888433666 , 0.9060162584685739
0.274197628033824 , 0.26996717149601906
0.331494881093704 , 0.8917685126351848
0.2693474057667675 , 0.2652189568299482
0.310039883612891 , 0.2909913395517305
0.20523642279036972 , 0.8487734325609783
0.26145018862340197 , 0.23140560622153541
0.24872524662796983 , 0.2803896687397488
0.2752762922345992 , 0.8411957889737771
0.16173070361876543 , 0.31599722989601214
0.30380946078773685 , 0.27418704165662977
0.29917007882869495 , 0.8427469687221291
0.2488161410246526 , 0.23640286439663197
0.29395678448331125 , 0.26341476473166403
0.2394444004384983 , 0.8518963752381175
0.2711179399449751 , 0.29421203872074847
0.24796885390891082 , 0.31092750273453196
0.3016960858294026 , 0.8095574254948503
0.2453896707065377 , 0.27461027492890744
0.2839712666276206 , 0.8289613074389283
0.23421455166908778 , 0.23051290431567828
0.3319792068785405 , 0.27199192781251236
0.3196319500276577 , 0.9071882116831885
0.27977568626643207 , 0.2510496364783541
0.24197818481273087 , 0.8396501920944494
0.32136482279153544 , 0.2774883202921721
0.3329441755162716 , 0.8913691364632244
0.27987704517189427 , 0.27829482450349174
0.23699431102847884 , 0.28166762164078835
0.3040047445490497 , 0.8770558105844176
0.24774237873712895 , 0.27757404283604936
0.26435440047284625 , 0.9080726198157075
0.2398972965326304 , 0.34914049856214824
0.2902069069017392 , 0.26123409045487966
0.2686621750113185 , 0.913555732068046
0.3877974521809633 , 0.2735476398226814
0.2697175292843984 , 0.3286585373198697
0.2748493762692036 , 0.8739795633801978
0.292855877229498 , 0.34317211871693065
0.30773555289726284 , 0.21881288268330887
0.23857932613988062 , 0.2399255249507347
0.2540433671139392 , 0.8786151174856864
0.2867746583680008 , 0.2624981357733564
0.27847870052795975 , 0.2726166779083892
0.29938397633247404 , 0.25338552964717287
0.26533612405274076 , 0.8540695364722748
0.3605521700148496 , 0.20588514980403025
0.256387439707735 , 0.2770128871433639
0.27168360606004466 , 0.3240717532167897
0.23974807493936756 , 0.8467301552263631
0.23750755986445865 , 0.30043545634535007
0.2589192791596453 , 0.2761353090470136
0.2393655470166958 , 0.2681606714388827
0.3058183663366589 , 0.32578376875483245
0.3011859848919057 , 0.871640804996639
0.27027105674771673 , 0.22748920719335894
0.25327796957670756 , 0.2387605602675124
0.32220021848307717 , 0.2955011856230294
0.30315814269395386 , 0.26528915077094
0.2694058743537412 , 0.8768130352572747
0.25980640553433065 , 0.27592676142213374
0.3696205817082871 , 0.2535276318313391
0.1974051774000045 , 0.26479259198525545
0.2277566371371843 , 0.2702200083262483
0.30165938741397247 , 0.21226536491501097
0.3031954161021666 , 0.2709897193708947
0.27641979087123686 , 0.9080760043182595
0.25743115368596226 , 0.2277267496220527
0.2999119072342687 , 0.2762593116346392
0.2325363970388287 , 0.2995530325488177
0.2704344506549091 , 0.2562188084411313
0.23484188256297456 , 0.244429719530023
0.26408377586945414 , 0.30553989478869636
0.2924904901525512 , 0.2915379272738154
0.2483346265463275 , 0.3024526795303212
0.3035929209899267 , 0.8166031936501086
0.2749290182677654 , 0.28271810832069705
0.29983502156263714 , 0.2633019910745394
0.2998383849642261 , 0.3158188421734766
0.32352671596609334 , 0.27332211357151076
0.2574469747180177 , 0.2725397562117212
0.3092746132069211 , 0.2880231747739811
0.20693099370823304 , 0.23281814049085442
0.2592775580082634 , 0.27599977009845633
0.32618632155127175 , 0.25941783401106905
0.2796210027307816 , 0.8789394401656357
0.29476096014534714 , 0.2740312111906445
0.2881714997059651 , 0.3105387552349668
0.31832391551863665 , 0.30697948311820417
0.2931181589429738 , 0.2760323324508892
0.272623065589627 , 0.27099444426103786
0.32097557567388624 , 0.22379000234732216
0.2713259291532943 , 0.24898141278181513
0.2125754313697645 , 0.22093698748841176
0.22178183983809616 , 0.24686464121087737
0.3190946914554733 , 0.2577023068294217
0.265297864279249 , 0.30944266544365945
0.29547463421644726 , 0.33635179133839305
0.2295802032498651 , 0.300309669216666
0.2521528041853435 , 0.29382535872322996
0.2862014603200741 , 0.24902125269801223
0.24356008764282205 , 0.36205822022628564
0.280680886810137 , 0.29633901759169506
0.3048647023933863 , 0.8796078830713087
0.2508877056300643 , 0.2203345441245981
0.2689997583899204 , 0.2935963333092615
0.2610094027423845 , 0.27183890136503963
0.301687591780164 , 0.2721526017255133
0.2642126987851234 , 0.20547153182952907
0.2951078061355573 , 0.2876293820714963
0.25278318047261605 , 0.23348192640684004
0.24846270012866006 , 0.2791361611217442
0.28075580168263525 , 0.26720595188609086
0.240215087110657 , 0.25932562037444457
0.20910959147253108 , 0.2815947558384451
0.2740605645613655 , 0.3263273188442876
0.2791176824039686 , 0.2481159610651861
0.3681347676223477 , 0.2944712791270113
0.2721425472135232 , 0.22876373773249556
0.2624431502416262 , 0.2438030929592834
0.32542154569810977 , 0.2840381222797872
0.22830142772909356 , 0.2102962836246816
0.2846157182540763 , 0.2150747545664983
0.2581177561369421 , 0.3067395588179024
0.24519363357205848 , 0.8920664623046797
0.31224407027887785 , 0.24380314497468955
0.28356882518015203 , 0.2478545853583153
0.33198987242096356 , 0.2957685294208354
0.24166545756064453 , 0.8379158396483171
0.2708047967370682 , 0.30105709784579854
0.3416264540193467 , 0.30186838262917176
0.3314933867721182 , 0.3369409675972934
0.26055349392594196 , 0.9412219523601786
0.28026758269652086 , 0.3150700741143841
0.24617884128554485 , 0.2595479797770114
0.24510858335059554 , 0.9252745903484944
0.2797214510880815 , 0.23832653704409792
0.2778540924876584 , 0.32802381788030605
0.31962668116209714 , 0.22712908192726275
0.32213855925900553 , 0.9037908173823035
0.3177526951413987 , 0.3124538331345662
0.24683401161082694 , 0.23346031486848143
0.30580786260639786 , 0.8413139381186199
0.3293598248134383 , 0.3130665251805476
0.28119985455162405 , 0.2657235626973146
0.2758952846242968 , 0.8013667128893782
0.23369406014419977 , 0.2661567285893979
0.2774380014440235 , 0.22098148392890035
0.253201186078259 , 0.8467866026977482
0.23755289870668217 , 0.2825179511209914
0.26855966877400844 , 0.3304205161918527
0.31921600666627165 , 0.31788171817487665
0.2393901384533933 , 0.8689992743512658
0.3305119522333922 , 0.3008401102815101
0.2753223791767144 , 0.27785541337788344
0.25303319758457776 , 0.8314463732390551
0.2502989676045231 , 0.24654924273825418
0.2510653503621314 , 0.23923159864734397
0.2938782472340594 , 0.2382955730097193
0.29036152898876016 , 0.9115598452236174
0.28172187946822536 , 0.24805993455459077
0.2890605977667192 , 0.3102527489733076
0.2662547105152415 , 0.2792423238924062
0.28299997416419653 , 0.8802353888506292
0.3049959801574282 , 0.22902699928980227
0.27356994299436155 , 0.8350315948017752
0.3377618512270426 , 0.2577737028008857
0.33333219330146746 , 0.2965293049910025
0.2435426762653543 , 0.31066574699175215
0.2913720756168527 , 0.8629472919944247
0.3283656663044886 , 0.26645304355675237
0.2697946103981122 , 0.26326743548237586
0.26863935688926416 , 0.959324261797219
0.31818134144814475 , 0.23722502316557786
0.30471512728152894 , 0.301663086476701
0.28566140650753585 , 0.33440686652376794
0.2579539091653618 , 0.842749546042868
0.23606711552152926 , 0.2589789743253337
0.2619983122151112 , 0.2306227574905544
0.2825929985956453 , 0.9048493056696487
0.3334106418711553 , 0.34908794047177183
0.3022641699563442 , 0.29291152210397425
0.24326376558454774 , 0.3603052051370845
0.3200376406891674 , 0.873570896705853
0.24011916049776236 , 0.2556005693080149
0.2413259891525849 , 0.24927780185005113
0.3002758374215626 , 0.2871595538403743
0.1959880253009968 , 0.2590158084498671
0.23839870262608215 , 0.9208915719289592
0.3081637900088577 , 0.2883589686646525
0.27742023073176114 , 0.255583598066174
0.28082469110675484 , 0.3069376795138931
0.35214203887134604 , 0.8943888178099187
0.29485057240998247 , 0.2534782488308642
0.2610127725912096 , 0.8714451482913005
0.28868992799440696 , 0.2573809086061871
0.27805080873623594 , 0.8380660474765415
0.3479985614736525 , 0.30423943043324214
0.22711443485763824 , 0.31575536451292974
0.26473487647796695 , 0.9104560683226486
0.26583312853576224 , 0.27410266585024834
0.2825812689891671 , 0.8249959184919083
0.28353207478298187 , 0.3228548750531462
0.32866686698084513 , 0.27388576986537816
0.33323965286168566 , 0.9045085860153975
0.2534364448221868 , 0.23581062608996653
0.262713086718172 , 0.27815077923107345
0.26997317090453127 , 0.23496132929560115
0.26465662332556344 , 0.8881403825198282
0.33436689154141097 , 0.29062715162515224
0.2887518388490523 , 0.3211261817878831
0.2421421211286905 , 0.2769605229414253
0.23826313836511795 , 0.8552597878081843
0.2842764223458449 , 0.24186414081967708
0.34056761656836226 , 0.2619467102459601
0.24602093273815054 , 0.26009028497725006
0.2716466245669241 , 0.23619741904983288
0.240181541461603 , 0.8625415376166401
0.29075648328435205 , 0.30245916793360905
0.2552464445008693 , 0.2292193083745736
0.33048240653482747 , 0.27224940166454187
0.2909730352239023 , 0.2629402666682578
0.327674251483983 , 0.8528769321995924
0.313534051087144 , 0.2809721052108327
0.2842797324354957 , 0.23971749604207127
0.2833451777246991 , 0.9106237967930748
0.27592571815348166 , 0.24305782116157976
0.2724696017319455 , 0.2853880148572469
0.34408087096516665 , 0.8895442002968715
0.2676892284593981 , 0.2906393558133283
0.275029202947888 , 0.2596784565928675
0.25967550585775984 , 0.9471621140824701
0.3334655501976759 , 0.23151539469884555
0.26738247864849274 , 0.2441087174243336
0.2554684438855258 , 0.293554984929729
0.28845040178429987 , 0.9126604973912579
0.2931665774147131 , 0.23899623706358242
0.22172137403261422 , 0.27343884753403663
0.24464816218008104 , 0.9015557099510014
0.2686261085496248 , 0.279574169931201
0.2828928675803108 , 0.23377532557380945
0.27409729626824997 , 0.31038239547253865
0.3626768628332854 , 0.26162398310089624
0.2301953944034913 , 0.846332438822554
0.30106112991354034 , 0.24735504175448134
0.30549757772384056 , 0.2884974223887215
0.28992038038102297 , 0.2130171061137606
0.2397650746197153 , 0.8724950841815636
0.2394986490401926 , 0.2663500471752785
0.2544449745391901 , 0.2674758610489536
0.28458180159355134 , 0.38785842568648354
0.3028105422376186 , 0.8811750645221056
0.2547057953339469 , 0.2399066519564811
0.26512736878655807 , 0.2669565892439081
0.2783318468519593 , 0.26687879762594674
0.2700219035115467 , 0.23532427678238982
0.25058228248081854 , 0.27832452990833123
0.2632798718758154 , 0.917005927849977
0.2787617800028252 , 0.3422890230821709
0.2963002272108674 , 0.227473049465818
0.28141046507198525 , 0.30094750263823516
0.30493081037917535 , 0.26190730072363144
0.2647379740843056 , 0.8898039089395758
0.2674752602095285 , 0.29877272421136963
0.3411709586905445 , 0.2993117785827614
0.3066817241138825 , 0.8803361411825106
0.29380080756010873 , 0.281830619255137
0.3228673685052158 , 0.24986430175048305
0.22737799197648334 , 0.27669285268423505
0.2987715238798511 , 0.8654828767946221
0.3449251622960776 , 0.32435523952638884
0.253925837771332 , 0.3525720844897609
0.2595452279203487 , 0.27939964769842085
0.2755559389267031 , 0.2918492993903729
0.31319065710107713 , 0.9285615234788628
0.2656218765327305 , 0.2813467463879688
0.3462611968466475 , 0.2894781923838155
0.24826342349427918 , 0.25303351803617946
0.32826045455554415 , 0.2989703702924322
0.3375030638067207 , 0.27151344508964687
0.27946514373667614 , 0.24684796427995048
0.22217306768439893 , 0.2911056716340276
0.3302985114718425 , 0.27507063918084057
0.2734960902889862 , 0.26100264752090335
0.2851179216346932 , 0.3000274668874333
0.2839857501610702 , 0.19609382762451702
0.31049875814822464 , 0.3202158695286426
0.28545298034603495 , 0.2634340420084873
0.258844056493668 , 0.9078084470513075
0.27869391383109426 , 0.3096765651390175
0.27028015673575023 , 0.2600760177692364
0.2674151321574214 , 0.2220103862285768
0.2314465908309783 , 0.302682969072807
0.22987910290881514 , 0.2146801848995974
0.2336543330659259 , 0.8660686853707191
0.2328004388475895 , 0.2943203126448943
0.2892172266748227 , 0.2780916187508865
0.27143798745172376 , 0.27976807594108327
0.20262273105083373 , 0.8762556651245513
0.3016167618086603 , 0.26253552289511756
0.27626271845779304 , 0.21593067641185223
0.2451836812699346 , 0.2417978211470548
0.28835428725708745 , 0.8390576161489318
0.295374007415465 , 0.26571627250964036
0.33942706248880217 , 0.30754062886128647
0.3190526847728387 , 0.3526893467802173
0.28043453477011127 , 0.3589435840797732
0.27599194298201846 , 0.9309766927124925
0.322913887772678 , 0.30563490767412566
0.30404162800281326 , 0.26819887424815037
0.27200517484552245 , 0.28289951116214457
0.27256878442558474 , 0.2967392771253858
0.2513174732832127 , 0.8146392734769825
0.23009693177112872 , 0.24860029021348048
0.325356449577889 , 0.25539127843592346
0.2872780096404871 , 0.28995444178144836
0.2911185852496793 , 0.24332653675825422
0.2458408521307726 , 0.8659919425170032
0.2710803248553988 , 0.2553669175656774
0.3224843000208082 , 0.31114420166628676
0.26498993821034844 , 0.23230090384482097
0.27426834693702046 , 0.34372324502200047
0.274189742049276 , 0.34434655631022276
0.28190610943157524 , 0.30566958686404383
0.2934021882376012 , 0.8397832813305666
0.3312824979131652 , 0.27983325577948664
0.28739308285313503 , 0.2320888067754931
0.2277108227854946 , 0.2959759218675028
0.273960357667233 , 0.27513883642083514
0.27138013862144844 , 0.3393163892711943
0.3367340879416486 , 0.9192274034228253
0.3057937094999661 , 0.2601320433135712
0.2844694426440733 , 0.2672080363119639
0.26924743359108033 , 0.25998248926076234
0.28328285880235243 , 0.27061403100839093
0.24671269836881077 , 0.2823990215687481
0.26778899567002096 , 0.8411044565403755
0.2691592208002846 , 0.24184951932708307
0.27921279863183995 , 0.28874185049205126
0.2514836790339753 , 0.24094425323492277
0.2950414323663436 , 0.2848410874946657
0.24127012956376304 , 0.2895393465441357
0.28003750381655484 , 0.8820392138056475
0.30729369910682447 , 0.3125496600514319
0.30486646619590535 , 0.29700593495127103
0.2705500347473418 , 0.3032328063292876
0.27028222586599365 , 0.21283830242131496
0.28447226682954374 , 0.2895847394890502
0.26503976549357283 , 0.8613475353679128
0.2232583850501442 , 0.3529007897462266
0.2636163689269696 , 0.26073446372865405
0.2661484348113259 , 0.31007601688754327
0.30224796369047696 , 0.21738899723302474
0.24746712051209163 , 0.2880483469645332
0.2715372722758673 , 0.9114840343068348
0.23653784009547862 , 0.3170704524652636
0.2551891578038869 , 0.2852124025687078
0.2761834932759076 , 0.26395835588728894
0.32550943257826676 , 0.2819564602722948
0.27575546261037526 , 0.3333594204643169
0.24045511781909648 , 0.8347976181507789
0.26776500282105103 , 0.27289182587150984
0.2861645813677353 , 0.22356795471164112
0.27689552957379987 , 0.23874973396673238
0.32247941965890586 , 0.21943963880243575
0.3262583290423683 , 0.23760723129692077
0.2566317314264823 , 0.3382667062700199
0.3103146891315762 , 0.8575705073421269
0.2904670261617985 , 0.25185089561503743
0.2007336908191549 , 0.2531854562811077
0.2615111280487796 , 0.2696242862241937
0.2650644148927887 , 0.30022259442606575
0.2694926743868935 , 0.3056961456620187
0.36117536627747254 , 0.9057438704069306
0.23906522182699289 , 0.2588115823754087
0.2270727474705989 , 0.29073545393431716
0.28012038207439194 , 0.2956074232720243
0.32202163659590144 , 0.2548098702578482
0.2782582410151985 , 0.2609595217679777
0.20623968771477752 , 0.8307311669282731
0.32073186064840636 , 0.2879983600337369
0.3173276599160777 , 0.27919843651810566
0.20424703583356432 , 0.9761646091214391
0.2826732342465991 , 0.2931893881348636
0.28388190062653446 , 0.2832858062989382
0.28681314302027155 , 0.9197536871008232
0.28762614114983626 , 0.24756913430295371
0.28920232421383096 , 0.2559281488650858
0.3100582447193951 , 0.8558529250575236
0.3770778242252714 , 0.3033631348643935
0.26226358782479536 , 0.28630805555062866
0.19997912369427961 , 0.8805765307991247
0.2945002063540202 , 0.27365399470975527
0.30434238094040206 , 0.2435197595073687
0.27209099963745675 , 0.21836355716387615
0.23031866102469334 , 0.7991280067120878
0.2630852761767528 , 0.3041923979075105
0.25953954867884677 , 0.31735263384083684
0.24443914509710415 , 0.2909826050344417
0.24787663407547303 , 0.916329244086529
0.28302379144449474 , 0.2940865855958792
0.3075665072454037 , 0.25362996044919767
0.3131034145917871 , 0.2989096482498152
0.3415913640305832 , 0.21738703805918172
0.3023443034536164 , 0.8882399311891029
0.3146345547002717 , 0.21177513077693788
0.30193181609947545 , 0.27138438436951834
0.31284244558108804 , 0.2939881147462837
0.29391567844119904 , 0.8929966659544137
0.2925001520621481 , 0.19070123864163696
0.2991372400492008 , 0.2737063115864136
0.2495865864262294 , 0.26754884170290455
0.3182229983044479 , 0.29388849225480995
0.32610220580555405 , 0.8493899892328003
0.24348156316140554 , 0.2658705032643452
0.25348505516430125 , 0.2516813339743725
0.2950921111797097 , 0.2715776336842758
0.2552938532862325 , 0.31518967106432294
0.2904845060007408 , 0.24373267626809725
0.23760219237066207 , 0.8876704309577301
0.34524854877768907 , 0.3283484048413374
0.22631978406665876 , 0.278378785888372
0.2549696299886777 , 0.28398317415845314
0.30615958656219155 , 0.2834254639143029
0.24730400730626007 , 0.24588300155058335
0.25598073981249925 , 0.24948335454584974
0.32409730847370544 , 0.8944471130247783
0.24576836329761517 , 0.35185951368736856
0.21897902923912566 , 0.2520575241638071
0.29904578473874777 , 0.8333411136946608
0.28566438704237124 , 0.2730329248071313
0.25716802902946434 , 0.2962266895382725
0.30957178235540544 , 0.8024773866681133
0.2934259809479182 , 0.30332482960781093
0.2754330306808002 , 0.33063860292257224
0.18149853437634736 , 0.29367615034080286
0.26230858362925064 , 0.26054668913216106
0.3302869102366541 , 0.8775966956303797
0.24202289903300767 , 0.2633915194847284
0.21157492476026737 , 0.2906531878449066
0.20141660384868418 , 0.2582652122889451
0.31543628576469473 , 0.2524777453186101
0.24006854578090864 , 0.31007698613328466
0.2918038802902607 , 0.25865661559520675
0.2549410735224145 , 0.2732374098760835
0.22312172593821566 , 0.32843078592090763
0.2878096308836389 , 0.25631565595629124
0.25288971821230716 , 0.264654438195588
0.2788677674779386 , 0.28790519025267064
0.22749334690064843 , 0.8381052209012743
0.3227834293281456 , 0.33628527561366234
0.3173406318957756 , 0.33098962932413
0.29430114767848486 , 0.26972213461595246
0.338368732160269 , 0.25654988748179075
0.2762749767538892 , 0.27156603640879773
0.2842230970383879 , 0.3025918318982188
0.2736303788052992 , 0.3159958617590425
0.26559667476034854 , 0.25317964925832864
0.28605977866439347 , 0.909929378182723
0.31359228129238775 , 0.24616874131238464
0.2428534101464956 , 0.2810757627007259
0.28804307377687566 , 0.3437601833153786
0.3241880912587753 , 0.9134140616066196
0.2574531363570677 , 0.288416694924375
0.3340761762526657 , 0.2485783563225762
0.33583936563750194 , 0.33306644424129517
0.2665553717896855 , 0.8686237226393774
0.33643547791238326 , 0.2791487827079701
0.2841594675813018 , 0.31040677465493555
0.20193616480826504 , 0.30904912574129295
0.23888668105034083 , 0.9090670207334584
0.3477994169910198 , 0.24826162107106234
0.3005256870526536 , 0.3158294145028483
0.29597821498326626 , 0.8376139762983993
0.3228826662877001 , 0.26617857651544224
0.2667570527596157 , 0.28526203013623236
0.21505089734999938 , 0.3066846794404713
0.2773663982464351 , 0.9063838990398497
0.306183838881445 , 0.3205396448656974
0.2646412787558636 , 0.31130345734994064
0.2815428386924973 , 0.2711189293980936
0.2534865896147546 , 0.259923200684156
0.21375093625928204 , 0.8689870024762246
0.22754279187474874 , 0.29961161242576134
0.24507299775976352 , 0.3151536354217431
0.2573921379139256 , 0.32380030263340476
0.28423292621121965 , 0.2926081167551008
0.26915872426046444 , 0.874378264334756
0.2788455250180468 , 0.23271185717461831
0.2658762354426265 , 0.3079188643060069
0.27688530996167077 , 0.29453145656497515
0.29791231933169593 , 0.2484218000025469
0.2637226907803068 , 0.26941588945388456
0.2001581814296474 , 0.9053868715130429
0.3438467621766404 , 0.2994377232778589
0.33216674094713994 , 0.25014103389780123
0.26795315575188755 , 0.2719099023364829
0.27869271305340665 , 0.2761420760649275
0.2556587702792788 , 0.2976039683029505
0.3206552660687105 , 0.798486047612481
0.27097816314347695 , 0.26504533125348484
0.26599558757597613 , 0.30360130964643284
0.24462063522568944 , 0.2700920723873067
0.27786081061650575 , 0.2647736051533012
0.2502087640553791 , 0.3217003245983863
0.2554160264560286 , 0.8763137401748993
0.31977221738062134 , 0.30415502236260866
0.2899718500519675 , 0.23135785576632706
0.29661057893571996 , 0.2796327270516187
0.31731618537699746 , 0.8717845731341376
0.24126565004484937 , 0.30195894095629056
0.32988300388115893 , 0.25304560280491334
0.2660549911297653 , 0.22890501349892575
0.22064150679728442 , 0.3571277737510344
0.25837788691923586 , 0.9098211165461949
0.2803985466827697 , 0.2388286071207969
0.26757443784840595 , 0.8597257896466006
0.21774003154728727 , 0.2993984132478687
0.22611237460748349 , 0.30440121663436753
0.3641381885769508 , 0.9198209527560007
0.28444296023306415 , 0.261898272789858
0.27918242184730413 , 0.2651485560426461
0.2810075645521935 , 0.857863445428849
0.3030165200583367 , 0.2774248103816456
0.2606537393460558 , 0.28329666398841435
0.2768363739924667 , 0.2956006636731737
0.2898100194706673 , 0.8076677204225666
0.327896338115509 , 0.2878167848635618
0.23949067388640569 , 0.31422980682084933
0.27709001735961486 , 0.8694352387553415
0.31715360250734115 , 0.23877412869475265
0.26202399254534936 , 0.3221020710026128
0.3153319977370045 , 0.307739130509888
0.2610223287879255 , 0.8878095760671101
0.25276437893649906 , 0.2612203998581125
0.289513191809313 , 0.31275092731736415
0.34097732516841944 , 0.2678146119124317
0.2095223407039238 , 0.22555988784006625
0.26136853718834574 , 0.9148686536198358
0.27367723548817396 , 0.28427527954242654
0.24189423960447204 , 0.30336401297837545
0.29234966816621244 , 0.28892757546662046
0.22490982049254815 , 0.2401082944349761
0.23730391741718257 , 0.8935275680772481
0.2957043154393763 , 0.2834975837546851
0.26602835287077786 , 0.24804506965369827
0.24892881229351244 , 0.25926111986982914
0.28461853664517994 , 0.2816463920644852
0.30028806858186724 , 0.8473396957792783
0.2533820571318202 , 0.28101245576793843
0.2517346642934693 , 0.3021151680968544
0.25841701190868904 , 0.2727658648154516
0.3023830910662894 , 0.2636302877183628
0.27277765979987467 , 0.32732873513662075
0.25522348862294436 , 0.867264668936486
0.29546489604731 , 0.27413154246877613
0.2486047522795478 , 0.3384849392910511
0.3092524942203757 , 0.25272125910856647
0.32209616046163636 , 0.2763350249840201
0.24368908809736903 , 0.23751973562200018
0.31764944974377884 , 0.3274223015871695
0.3046480081374764 , 0.28115464992141215
0.26558201507962637 , 0.8856174004583479
0.3563097716280915 , 0.32972456504067926
0.25971926760621733 , 0.27681922847187557
0.2661002688868814 , 0.28219156874614415
0.3123460197968375 , 0.30214354741876925
0.28043610651655454 , 0.3097063694271406
0.3072780906203323 , 0.299283080729291
0.30216532132221036 , 0.24616145180836588
0.2622158564753693 , 0.2621797674828758
0.29653129992328925 , 0.2880396129508592
0.2183931930059419 , 0.8848743399677795
0.3185418696248192 , 0.2868323498995138
0.2502711825899951 , 0.2653312653622697
0.24082175935739383 , 0.29809374629913526
0.24670058917051804 , 0.28604345719866847
0.2715924994935545 , 0.2610587344888647
0.25059397387454135 , 0.9283309857856089
0.2333508351471267 , 0.31226949657945896
0.2886349946754356 , 0.23045009771943573
0.2645031897653746 , 0.2834478104529374
0.27621012121240074 , 0.24679451824383966
0.27778259779936537 , 0.23644693874675834
0.23957703689217613 , 0.19530351683178565
0.25108825347202973 , 0.8941445847074058
0.22557879527936733 , 0.23131507428700293
0.29793688470135055 , 0.26556151448038706
0.2728775462161729 , 0.2582408218467052
0.3084901258384539 , 0.3112495244783871
0.2665398384350355 , 0.28234994119849416
0.23619819407969728 , 0.31338774321365853
0.32656909586845106 , 0.30844093546615375
0.2517039626365205 , 0.36283438367073406
0.3016500069043971 , 0.9049757475101166
0.25626794350050786 , 0.25552488287394465
0.2669688680249499 , 0.28603906641677596
0.24766281261060072 , 0.23698782737951712
0.2854497044409693 , 0.271524026746793
0.24533692962750994 , 0.27726370792434213
0.30879580189446804 , 0.29746801472567436
0.24111482536071763 , 0.2520145599893283
0.3010214298859901 , 0.8681119431185341
0.2888609126123239 , 0.26689953894512414
0.27628593028679865 , 0.26511170828996655
0.26235988363006724 , 0.2803271842820546
0.29485936343787855 , 0.28122788519044034
0.2751282530981584 , 0.3202434412436376
0.31867519676991685 , 0.3205859431531021
0.32169099769119136 , 0.2897264077201503
0.2742897363437409 , 0.2175489382180404
0.296255660490248 , 0.24593738805892343
0.27403646077963384 , 0.3184450023275484
0.2651614686119689 , 0.9027613892989087
0.2141316716329224 , 0.3101558662337805
0.1959170231052088 , 0.2618229255923349
0.24602703714595162 , 0.3004813837758586
0.27779257030306237 , 0.27925550894409806
0.25407324961958233 , 0.260019163563425
0.2403312618539422 , 0.2827455421240486
0.25845204794176685 , 0.9107410226572928
0.3482063873741206 , 0.3540686705401957
0.3288946957176461 , 0.23540848794103403
0.23635422533642755 , 0.2833176918490833
0.3203848540221627 , 0.3217460477059621
0.29846548128400147 , 0.8289219457969309
0.2712386696738266 , 0.30917239953062103
0.26856382041405147 , 0.29009007446245
0.2814216947512458 , 0.23080111471346082
0.209767717009822 , 0.8059677236664076
0.352000972116295 , 0.2693321414121202
0.2520105756941431 , 0.2271655481143817
0.26668219763651313 , 0.29422830877733774
0.31620908592097186 , 0.26563620350082584
0.26229654637941624 , 0.8720316954353328
0.24993285740289783 , 0.26357790965092015
0.2561848172526235 , 0.23385069426064714
0.2712078811297305 , 0.24288876654063507
0.24287069404438877 , 0.8644935848469832
0.22387363039838978 , 0.2557485419530868
